"Datum","AT0051000602000000000000000000000 ab 21.02.2024 00:30"
"01.03.2024 00:00","0.015"
"21.02.2024 00:30","0.019"
"21.02.2024 00:45","0.025"
"21.02.2024 01:00","0.039"
"21.02.2024 01:15","0.037"
"21.02.2024 01:30","0.03"
"21.02.2024 01:45","0.033"
"21.02.2024 02:00","0.033"
"21.02.2024 02:15","0.014"
"21.02.2024 02:30","0.012"
"21.02.2024 02:45","0.016"
"21.02.2024 03:00","0.016"
"21.02.2024 03:15","0.008"
"21.02.2024 03:30","0.018"
"21.02.2024 03:45","0.017"
"21.02.2024 04:00","0.018"
"21.02.2024 04:15","0.039"
"21.02.2024 04:30","0.036"
"21.02.2024 04:45","0.026"
"21.02.2024 05:00","0.037"
"21.02.2024 05:15","0.033"
"21.02.2024 05:30","0.026"
"21.02.2024 05:45","0.016"
"21.02.2024 06:00","0.008"
"21.02.2024 06:15","0.009"
"21.02.2024 06:30","0.012"
"21.02.2024 06:45","0.007"
"21.02.2024 07:00","0.011"
"21.02.2024 07:15","0.025"
"21.02.2024 07:30","0.082"
"21.02.2024 07:45","0.113"
"21.02.2024 08:00","0.046"
"21.02.2024 08:15","0.028"
"21.02.2024 08:30","0.033"
"21.02.2024 08:45","0.025"
"21.02.2024 09:00","0.025"
"21.02.2024 09:15","0.01"
"21.02.2024 09:30","0.006"
"21.02.2024 09:45","0.012"
"21.02.2024 10:00","0.008"
"21.02.2024 10:15","0.007"
"21.02.2024 10:30","0.013"
"21.02.2024 10:45","0.006"
"21.02.2024 11:00","0.012"
"21.02.2024 11:15","0.033"
"21.02.2024 11:30","0.027"
"21.02.2024 11:45","0.03"
"21.02.2024 12:00","0.028"
"21.02.2024 12:15","0.231"
"21.02.2024 12:30","0.075"
"21.02.2024 12:45","0.018"
"21.02.2024 13:00","0.013"
"21.02.2024 13:15","0.013"
"21.02.2024 13:30","0.014"
"21.02.2024 13:45","0.027"
"21.02.2024 14:00","0.022"
"21.02.2024 14:15","0.011"
"21.02.2024 14:30","0.02"
"21.02.2024 14:45","0.033"
"21.02.2024 15:00","0.033"
"21.02.2024 15:15","0.033"
"21.02.2024 15:30","0.028"
"21.02.2024 15:45","0.033"
"21.02.2024 16:00","0.026"
"21.02.2024 16:15","0.01"
"21.02.2024 16:30","0.016"
"21.02.2024 16:45","0.018"
"21.02.2024 17:00","0.026"
"21.02.2024 17:15","0.023"
"21.02.2024 17:30","0.022"
"21.02.2024 17:45","0.061"
"21.02.2024 18:00","0.048"
"21.02.2024 18:15","0.096"
"21.02.2024 18:30","0.05"
"21.02.2024 18:45","0.053"
"21.02.2024 19:00","0.075"
"21.02.2024 19:15","0.07"
"21.02.2024 19:30","0.048"
"21.02.2024 19:45","0.043"
"21.02.2024 20:00","0.092"
"21.02.2024 20:15","0.076"
"21.02.2024 20:30","0.077"
"21.02.2024 20:45","0.078"
"21.02.2024 21:00","0.061"
"21.02.2024 21:15","0.047"
"21.02.2024 21:30","0.071"
"21.02.2024 21:45","0.069"
"21.02.2024 22:00","0.074"
"21.02.2024 22:15","0.063"
"21.02.2024 22:30","0.068"
"21.02.2024 22:45","0.052"
"21.02.2024 23:00","0.046"
"21.02.2024 23:15","0.03"
"21.02.2024 23:30","0.019"
"21.02.2024 23:45","0.022"
"22.02.2024 00:00","0.014"
"22.02.2024 00:15","0.019"
"22.02.2024 00:30","0.022"
"22.02.2024 00:45","0.025"
"22.02.2024 01:00","0.034"
"22.02.2024 01:15","0.043"
"22.02.2024 01:30","0.027"
"22.02.2024 01:45","0.032"
"22.02.2024 02:00","0.037"
"22.02.2024 02:15","0.008"
"22.02.2024 02:30","0.016"
"22.02.2024 02:45","0.017"
"22.02.2024 03:00","0.007"
"22.02.2024 03:15","0.017"
"22.02.2024 03:30","0.018"
"22.02.2024 03:45","0.009"
"22.02.2024 04:00","0.03"
"22.02.2024 04:15","0.036"
"22.02.2024 04:30","0.031"
"22.02.2024 04:45","0.032"
"22.02.2024 05:00","0.037"
"22.02.2024 05:15","0.033"
"22.02.2024 05:30","0.011"
"22.02.2024 05:45","0.013"
"22.02.2024 06:00","0.012"
"22.02.2024 06:15","0.007"
"22.02.2024 06:30","0.011"
"22.02.2024 06:45","0.01"
"22.02.2024 07:00","0.007"
"22.02.2024 07:15","0.022"
"22.02.2024 07:30","0.053"
"22.02.2024 07:45","0.073"
"22.02.2024 08:00","0.107"
"22.02.2024 08:15","0.042"
"22.02.2024 08:30","0.03"
"22.02.2024 08:45","0.029"
"22.02.2024 09:00","0.009"
"22.02.2024 09:15","0.013"
"22.02.2024 09:30","0.011"
"22.02.2024 09:45","0.009"
"22.02.2024 10:00","0.014"
"22.02.2024 10:15","0.009"
"22.02.2024 10:30","0.011"
"22.02.2024 10:45","0.022"
"22.02.2024 11:00","0.032"
"22.02.2024 11:15","0.033"
"22.02.2024 11:30","0.03"
"22.02.2024 11:45","0.027"
"22.02.2024 12:00","0.213"
"22.02.2024 12:15","0.358"
"22.02.2024 12:30","0.099"
"22.02.2024 12:45","0.032"
"22.02.2024 13:00","0.03"
"22.02.2024 13:15","0.027"
"22.02.2024 13:30","0.061"
"22.02.2024 13:45","0.065"
"22.02.2024 14:00","0.029"
"22.02.2024 14:15","0.039"
"22.02.2024 14:30","0.282"
"22.02.2024 14:45","0.192"
"22.02.2024 15:00","0.053"
"22.02.2024 15:15","0.056"
"22.02.2024 15:30","0.052"
"22.02.2024 15:45","0.039"
"22.02.2024 16:00","0.033"
"22.02.2024 16:15","0.016"
"22.02.2024 16:30","0.01"
"22.02.2024 16:45","0.014"
"22.02.2024 17:00","0.009"
"22.02.2024 17:15","0.011"
"22.02.2024 17:30","0.013"
"22.02.2024 17:45","0.019"
"22.02.2024 18:00","0.051"
"22.02.2024 18:15","0.078"
"22.02.2024 18:30","0.176"
"22.02.2024 18:45","0.059"
"22.02.2024 19:00","0.054"
"22.02.2024 19:15","0.058"
"22.02.2024 19:30","0.054"
"22.02.2024 19:45","0.053"
"22.02.2024 20:00","0.038"
"22.02.2024 20:15","0.071"
"22.02.2024 20:30","0.078"
"22.02.2024 20:45","0.075"
"22.02.2024 21:00","0.077"
"22.02.2024 21:15","0.079"
"22.02.2024 21:30","0.06"
"22.02.2024 21:45","0.074"
"22.02.2024 22:00","0.05"
"22.02.2024 22:15","0.045"
"22.02.2024 22:30","0.072"
"22.02.2024 22:45","0.045"
"22.02.2024 23:00","0.043"
"22.02.2024 23:15","0.014"
"22.02.2024 23:30","0.015"
"22.02.2024 23:45","0.009"
"23.02.2024 00:00","0.012"
"23.02.2024 00:15","0.023"
"23.02.2024 00:30","0.013"
"23.02.2024 00:45","0.015"
"23.02.2024 01:00","0.042"
"23.02.2024 01:15","0.028"
"23.02.2024 01:30","0.033"
"23.02.2024 01:45","0.036"
"23.02.2024 02:00","0.032"
"23.02.2024 02:15","0.023"
"23.02.2024 02:30","0.015"
"23.02.2024 02:45","0.016"
"23.02.2024 03:00","0.011"
"23.02.2024 03:15","0.012"
"23.02.2024 03:30","0.017"
"23.02.2024 03:45","0.009"
"23.02.2024 04:00","0.03"
"23.02.2024 04:15","0.039"
"23.02.2024 04:30","0.027"
"23.02.2024 04:45","0.035"
"23.02.2024 05:00","0.034"
"23.02.2024 05:15","0.026"
"23.02.2024 05:30","0.029"
"23.02.2024 05:45","0.013"
"23.02.2024 06:00","0.007"
"23.02.2024 06:15","0.014"
"23.02.2024 06:30","0.007"
"23.02.2024 06:45","0.009"
"23.02.2024 07:00","0.012"
"23.02.2024 07:15","0.027"
"23.02.2024 07:30","0.094"
"23.02.2024 07:45","0.105"
"23.02.2024 08:00","0.052"
"23.02.2024 08:15","0.531"
"23.02.2024 08:30","0.301"
"23.02.2024 08:45","0.055"
"23.02.2024 09:00","0.045"
"23.02.2024 09:15","0.452"
"23.02.2024 09:30","0.151"
"23.02.2024 09:45","0.01"
"23.02.2024 10:00","0.007"
"23.02.2024 10:15","0.013"
"23.02.2024 10:30","0.008"
"23.02.2024 10:45","0.008"
"23.02.2024 11:00","0.036"
"23.02.2024 11:15","0.027"
"23.02.2024 11:30","0.029"
"23.02.2024 11:45","0.185"
"23.02.2024 12:00","0.099"
"23.02.2024 12:15","0.124"
"23.02.2024 12:30","0.351"
"23.02.2024 12:45","0.299"
"23.02.2024 13:00","0.141"
"23.02.2024 13:15","0.103"
"23.02.2024 13:30","0.201"
"23.02.2024 13:45","0.117"
"23.02.2024 14:00","0.085"
"23.02.2024 14:15","0.068"
"23.02.2024 14:30","0.015"
"23.02.2024 14:45","0.009"
"23.02.2024 15:00","0.015"
"23.02.2024 15:15","0.024"
"23.02.2024 15:30","0.043"
"23.02.2024 15:45","0.048"
"23.02.2024 16:00","0.035"
"23.02.2024 16:15","0.036"
"23.02.2024 16:30","0.043"
"23.02.2024 16:45","0.035"
"23.02.2024 17:00","0.04"
"23.02.2024 17:15","0.049"
"23.02.2024 17:30","0.038"
"23.02.2024 17:45","0.022"
"23.02.2024 18:00","0.033"
"23.02.2024 18:15","0.051"
"23.02.2024 18:30","0.014"
"23.02.2024 18:45","0.017"
"23.02.2024 19:00","0.058"
"23.02.2024 19:15","0.051"
"23.02.2024 19:30","0.146"
"23.02.2024 19:45","0.402"
"23.02.2024 20:00","0.336"
"23.02.2024 20:15","0.863"
"23.02.2024 20:30","0.493"
"23.02.2024 20:45","0.38"
"23.02.2024 21:00","0.46"
"23.02.2024 21:15","0.195"
"23.02.2024 21:30","0.206"
"23.02.2024 21:45","0.688"
"23.02.2024 22:00","0.265"
"23.02.2024 22:15","0.095"
"23.02.2024 22:30","0.062"
"23.02.2024 22:45","0.051"
"23.02.2024 23:00","0.043"
"23.02.2024 23:15","0.037"
"23.02.2024 23:30","0.028"
"23.02.2024 23:45","0.04"
"24.02.2024 00:00","0.034"
"24.02.2024 00:15","0.029"
"24.02.2024 00:30","0.041"
"24.02.2024 00:45","0.016"
"24.02.2024 01:00","0.011"
"24.02.2024 01:15","0.02"
"24.02.2024 01:30","0.012"
"24.02.2024 01:45","0.012"
"24.02.2024 02:00","0.019"
"24.02.2024 02:15","0.022"
"24.02.2024 02:30","0.035"
"24.02.2024 02:45","0.035"
"24.02.2024 03:00","0.033"
"24.02.2024 03:15","0.031"
"24.02.2024 03:30","0.035"
"24.02.2024 03:45","0.035"
"24.02.2024 04:00","0.016"
"24.02.2024 04:15","0.015"
"24.02.2024 04:30","0.019"
"24.02.2024 04:45","0.009"
"24.02.2024 05:00","0.016"
"24.02.2024 05:15","0.019"
"24.02.2024 05:30","0.01"
"24.02.2024 05:45","0.04"
"24.02.2024 06:00","0.038"
"24.02.2024 06:15","0.029"
"24.02.2024 06:30","0.037"
"24.02.2024 06:45","0.034"
"24.02.2024 07:00","0.028"
"24.02.2024 07:15","0.09"
"24.02.2024 07:30","0.022"
"24.02.2024 07:45","0.055"
"24.02.2024 08:00","0.019"
"24.02.2024 08:15","0.016"
"24.02.2024 08:30","0.151"
"24.02.2024 08:45","0.02"
"24.02.2024 09:00","0.032"
"24.02.2024 09:15","0.033"
"24.02.2024 09:30","0.033"
"24.02.2024 09:45","0.029"
"24.02.2024 10:00","0.03"
"24.02.2024 10:15","0.038"
"24.02.2024 10:30","0.035"
"24.02.2024 10:45","0.015"
"24.02.2024 11:00","0.02"
"24.02.2024 11:15","0.016"
"24.02.2024 11:30","0.015"
"24.02.2024 11:45","0.02"
"24.02.2024 12:00","0.011"
"24.02.2024 12:15","0.017"
"24.02.2024 12:30","0.041"
"24.02.2024 12:45","0.027"
"24.02.2024 13:00","0.033"
"24.02.2024 13:15","0.033"
"24.02.2024 13:30","0.025"
"24.02.2024 13:45","0.037"
"24.02.2024 14:00","0.029"
"24.02.2024 14:15","0.012"
"24.02.2024 14:30","0.021"
"24.02.2024 14:45","0.008"
"24.02.2024 15:00","0.01"
"24.02.2024 15:15","0.02"
"24.02.2024 15:30","0.007"
"24.02.2024 15:45","0.013"
"24.02.2024 16:00","0.035"
"24.02.2024 16:15","0.027"
"24.02.2024 16:30","0.036"
"24.02.2024 16:45","0.032"
"24.02.2024 17:00","0.027"
"24.02.2024 17:15","0.036"
"24.02.2024 17:30","0.031"
"24.02.2024 17:45","0.022"
"24.02.2024 18:00","0.017"
"24.02.2024 18:15","0.012"
"24.02.2024 18:30","0.024"
"24.02.2024 18:45","0.481"
"24.02.2024 19:00","0.141"
"24.02.2024 19:15","0.249"
"24.02.2024 19:30","0.138"
"24.02.2024 19:45","0.125"
"24.02.2024 20:00","0.127"
"24.02.2024 20:15","0.118"
"24.02.2024 20:30","0.135"
"24.02.2024 20:45","0.134"
"24.02.2024 21:00","0.126"
"24.02.2024 21:15","0.136"
"24.02.2024 21:30","0.135"
"24.02.2024 21:45","0.265"
"24.02.2024 22:00","0.466"
"24.02.2024 22:15","0.393"
"24.02.2024 22:30","0.315"
"24.02.2024 22:45","0.164"
"24.02.2024 23:00","0.027"
"24.02.2024 23:15","0.016"
"24.02.2024 23:30","0.014"
"24.02.2024 23:45","0.046"
"25.02.2024 00:00","0.037"
"25.02.2024 00:15","0.033"
"25.02.2024 00:30","0.043"
"25.02.2024 00:45","0.03"
"25.02.2024 01:00","0.031"
"25.02.2024 01:15","0.035"
"25.02.2024 01:30","0.009"
"25.02.2024 01:45","0.013"
"25.02.2024 02:00","0.021"
"25.02.2024 02:15","0.008"
"25.02.2024 02:30","0.015"
"25.02.2024 02:45","0.018"
"25.02.2024 03:00","0.017"
"25.02.2024 03:15","0.039"
"25.02.2024 03:30","0.038"
"25.02.2024 03:45","0.028"
"25.02.2024 04:00","0.038"
"25.02.2024 04:15","0.032"
"25.02.2024 04:30","0.022"
"25.02.2024 04:45","0.017"
"25.02.2024 05:00","0.012"
"25.02.2024 05:15","0.013"
"25.02.2024 05:30","0.016"
"25.02.2024 05:45","0.014"
"25.02.2024 06:00","0.015"
"25.02.2024 06:15","0.023"
"25.02.2024 06:30","0.036"
"25.02.2024 06:45","0.033"
"25.02.2024 07:00","0.035"
"25.02.2024 07:15","0.035"
"25.02.2024 07:30","0.03"
"25.02.2024 07:45","0.034"
"25.02.2024 08:00","0.035"
"25.02.2024 08:15","0.024"
"25.02.2024 08:30","0.046"
"25.02.2024 08:45","0.203"
"25.02.2024 09:00","0.363"
"25.02.2024 09:15","0.285"
"25.02.2024 09:30","0.108"
"25.02.2024 09:45","0.104"
"25.02.2024 10:00","0.118"
"25.02.2024 10:15","0.12"
"25.02.2024 10:30","0.034"
"25.02.2024 10:45","0.035"
"25.02.2024 11:00","0.057"
"25.02.2024 11:15","0.035"
"25.02.2024 11:30","0.045"
"25.02.2024 11:45","0.031"
"25.02.2024 12:00","0.013"
"25.02.2024 12:15","0.014"
"25.02.2024 12:30","0.02"
"25.02.2024 12:45","0.017"
"25.02.2024 13:00","0.015"
"25.02.2024 13:15","0.019"
"25.02.2024 13:30","0.016"
"25.02.2024 13:45","0.04"
"25.02.2024 14:00","0.04"
"25.02.2024 14:15","0.034"
"25.02.2024 14:30","0.365"
"25.02.2024 14:45","0.494"
"25.02.2024 15:00","0.043"
"25.02.2024 15:15","0.028"
"25.02.2024 15:30","0.03"
"25.02.2024 15:45","0.05"
"25.02.2024 16:00","0.09"
"25.02.2024 16:15","0.029"
"25.02.2024 16:30","0.037"
"25.02.2024 16:45","0.03"
"25.02.2024 17:00","0.043"
"25.02.2024 17:15","0.065"
"25.02.2024 17:30","0.202"
"25.02.2024 17:45","0.808"
"25.02.2024 18:00","0.487"
"25.02.2024 18:15","0.342"
"25.02.2024 18:30","0.307"
"25.02.2024 18:45","0.309"
"25.02.2024 19:00","0.286"
"25.02.2024 19:15","0.279"
"25.02.2024 19:30","0.251"
"25.02.2024 19:45","0.172"
"25.02.2024 20:00","0.057"
"25.02.2024 20:15","0.106"
"25.02.2024 20:30","0.058"
"25.02.2024 20:45","0.05"
"25.02.2024 21:00","0.039"
"25.02.2024 21:15","0.036"
"25.02.2024 21:30","0.031"
"25.02.2024 21:45","0.031"
"25.02.2024 22:00","0.034"
"25.02.2024 22:15","0.03"
"25.02.2024 22:30","0.03"
"25.02.2024 22:45","0.033"
"25.02.2024 23:00","0.011"
"25.02.2024 23:15","0.013"
"25.02.2024 23:30","0.01"
"25.02.2024 23:45","0.009"
"26.02.2024 00:00","0.015"
"26.02.2024 00:15","0.018"
"26.02.2024 00:30","0.02"
"26.02.2024 00:45","0.022"
"26.02.2024 01:00","0.029"
"26.02.2024 01:15","0.04"
"26.02.2024 01:30","0.029"
"26.02.2024 01:45","0.026"
"26.02.2024 02:00","0.041"
"26.02.2024 02:15","0.027"
"26.02.2024 02:30","0.024"
"26.02.2024 02:45","0.02"
"26.02.2024 03:00","0.009"
"26.02.2024 03:15","0.011"
"26.02.2024 03:30","0.02"
"26.02.2024 03:45","0.009"
"26.02.2024 04:00","0.013"
"26.02.2024 04:15","0.017"
"26.02.2024 04:30","0.019"
"26.02.2024 04:45","0.035"
"26.02.2024 05:00","0.036"
"26.02.2024 05:15","0.029"
"26.02.2024 05:30","0.03"
"26.02.2024 05:45","0.028"
"26.02.2024 06:00","0.032"
"26.02.2024 06:15","0.02"
"26.02.2024 06:30","0.008"
"26.02.2024 06:45","0.012"
"26.02.2024 07:00","0.006"
"26.02.2024 07:15","0.045"
"26.02.2024 07:30","0.087"
"26.02.2024 07:45","0.038"
"26.02.2024 08:00","0.014"
"26.02.2024 08:15","0.027"
"26.02.2024 08:30","0.028"
"26.02.2024 08:45","0.032"
"26.02.2024 09:00","0.025"
"26.02.2024 09:15","0.028"
"26.02.2024 09:30","0.028"
"26.02.2024 09:45","0.012"
"26.02.2024 10:00","0.011"
"26.02.2024 10:15","0.008"
"26.02.2024 10:30","0.008"
"26.02.2024 10:45","0.012"
"26.02.2024 11:00","0.007"
"26.02.2024 11:15","0.009"
"26.02.2024 11:30","0.01"
"26.02.2024 11:45","0.025"
"26.02.2024 12:00","0.035"
"26.02.2024 12:15","0.028"
"26.02.2024 12:30","0.026"
"26.02.2024 12:45","0.036"
"26.02.2024 13:00","0.027"
"26.02.2024 13:15","0.055"
"26.02.2024 13:30","0.317"
"26.02.2024 13:45","0.515"
"26.02.2024 14:00","0.046"
"26.02.2024 14:15","0.236"
"26.02.2024 14:30","0.811"
"26.02.2024 14:45","0.709"
"26.02.2024 15:00","0.02"
"26.02.2024 15:15","0.008"
"26.02.2024 15:30","0.019"
"26.02.2024 15:45","0.027"
"26.02.2024 16:00","0.029"
"26.02.2024 16:15","0.029"
"26.02.2024 16:30","0.024"
"26.02.2024 16:45","0.029"
"26.02.2024 17:00","0.026"
"26.02.2024 17:15","0.022"
"26.02.2024 17:30","0.294"
"26.02.2024 17:45","0.086"
"26.02.2024 18:00","0.066"
"26.02.2024 18:15","0.064"
"26.02.2024 18:30","0.031"
"26.02.2024 18:45","0.024"
"26.02.2024 19:00","0.036"
"26.02.2024 19:15","0.032"
"26.02.2024 19:30","0.038"
"26.02.2024 19:45","0.041"
"26.02.2024 20:00","0.034"
"26.02.2024 20:15","0.051"
"26.02.2024 20:30","0.082"
"26.02.2024 20:45","0.126"
"26.02.2024 21:00","0.047"
"26.02.2024 21:15","0.047"
"26.02.2024 21:30","0.031"
"26.02.2024 21:45","0.011"
"26.02.2024 22:00","0.013"
"26.02.2024 22:15","0.022"
"26.02.2024 22:30","0.022"
"26.02.2024 22:45","0.037"
"26.02.2024 23:00","0.039"
"26.02.2024 23:15","0.031"
"26.02.2024 23:30","0.032"
"26.02.2024 23:45","0.027"
"27.02.2024 00:00","0.029"
"27.02.2024 00:15","0.023"
"27.02.2024 00:30","0.013"
"27.02.2024 00:45","0.012"
"27.02.2024 01:00","0.015"
"27.02.2024 01:15","0.014"
"27.02.2024 01:30","0.012"
"27.02.2024 01:45","0.012"
"27.02.2024 02:00","0.029"
"27.02.2024 02:15","0.032"
"27.02.2024 02:30","0.032"
"27.02.2024 02:45","0.035"
"27.02.2024 03:00","0.028"
"27.02.2024 03:15","0.031"
"27.02.2024 03:30","0.034"
"27.02.2024 03:45","0.009"
"27.02.2024 04:00","0.011"
"27.02.2024 04:15","0.02"
"27.02.2024 04:30","0.006"
"27.02.2024 04:45","0.013"
"27.02.2024 05:00","0.02"
"27.02.2024 05:15","0.007"
"27.02.2024 05:30","0.029"
"27.02.2024 05:45","0.033"
"27.02.2024 06:00","0.029"
"27.02.2024 06:15","0.032"
"27.02.2024 06:30","0.026"
"27.02.2024 06:45","0.027"
"27.02.2024 07:00","0.025"
"27.02.2024 07:15","0.043"
"27.02.2024 07:30","0.094"
"27.02.2024 07:45","0.035"
"27.02.2024 08:00","0.008"
"27.02.2024 08:15","0.014"
"27.02.2024 08:30","0.009"
"27.02.2024 08:45","0.01"
"27.02.2024 09:00","0.028"
"27.02.2024 09:15","0.029"
"27.02.2024 09:30","0.032"
"27.02.2024 09:45","0.03"
"27.02.2024 10:00","0.027"
"27.02.2024 10:15","0.032"
"27.02.2024 10:30","0.01"
"27.02.2024 10:45","0.009"
"27.02.2024 11:00","0.014"
"27.02.2024 11:15","0.008"
"27.02.2024 11:30","0.011"
"27.02.2024 11:45","0.012"
"27.02.2024 12:00","0.01"
"27.02.2024 12:15","0.368"
"27.02.2024 12:30","0.36"
"27.02.2024 12:45","0.028"
"27.02.2024 13:00","0.033"
"27.02.2024 13:15","0.028"
"27.02.2024 13:30","0.029"
"27.02.2024 13:45","0.027"
"27.02.2024 14:00","0.023"
"27.02.2024 14:15","0.011"
"27.02.2024 14:30","0.006"
"27.02.2024 14:45","0.01"
"27.02.2024 15:00","0.01"
"27.02.2024 15:15","0.006"
"27.02.2024 15:30","0.012"
"27.02.2024 15:45","0.008"
"27.02.2024 16:00","0.017"
"27.02.2024 16:15","0.034"
"27.02.2024 16:30","0.316"
"27.02.2024 16:45","0.404"
"27.02.2024 17:00","0.096"
"27.02.2024 17:15","0.043"
"27.02.2024 17:30","0.051"
"27.02.2024 17:45","0.045"
"27.02.2024 18:00","0.038"
"27.02.2024 18:15","0.073"
"27.02.2024 18:30","0.02"
"27.02.2024 18:45","0.028"
"27.02.2024 19:00","0.046"
"27.02.2024 19:15","0.042"
"27.02.2024 19:30","0.136"
"27.02.2024 19:45","0.383"
"27.02.2024 20:00","0.278"
"27.02.2024 20:15","0.095"
"27.02.2024 20:30","0.074"
"27.02.2024 20:45","0.084"
"27.02.2024 21:00","0.092"
"27.02.2024 21:15","0.083"
"27.02.2024 21:30","0.09"
"27.02.2024 21:45","0.055"
"27.02.2024 22:00","0.046"
"27.02.2024 22:15","0.077"
"27.02.2024 22:30","0.07"
"27.02.2024 22:45","0.062"
"27.02.2024 23:00","0.069"
"27.02.2024 23:15","0.058"
"27.02.2024 23:30","0.044"
"27.02.2024 23:45","0.024"
"28.02.2024 00:00","0.011"
"28.02.2024 00:15","0.023"
"28.02.2024 00:30","0.02"
"28.02.2024 00:45","0.011"
"28.02.2024 01:00","0.016"
"28.02.2024 01:15","0.039"
"28.02.2024 01:30","0.035"
"28.02.2024 01:45","0.029"
"28.02.2024 02:00","0.033"
"28.02.2024 02:15","0.038"
"28.02.2024 02:30","0.011"
"28.02.2024 02:45","0.012"
"28.02.2024 03:00","0.021"
"28.02.2024 03:15","0.006"
"28.02.2024 03:30","0.014"
"28.02.2024 03:45","0.02"
"28.02.2024 04:00","0.008"
"28.02.2024 04:15","0.03"
"28.02.2024 04:30","0.038"
"28.02.2024 04:45","0.03"
"28.02.2024 05:00","0.03"
"28.02.2024 05:15","0.035"
"28.02.2024 05:30","0.027"
"28.02.2024 05:45","0.01"
"28.02.2024 06:00","0.009"
"28.02.2024 06:15","0.013"
"28.02.2024 06:30","0.008"
"28.02.2024 06:45","0.008"
"28.02.2024 07:00","0.012"
"28.02.2024 07:15","0.027"
"28.02.2024 07:30","0.098"
"28.02.2024 07:45","0.143"
"28.02.2024 08:00","0.151"
"28.02.2024 08:15","0.03"
"28.02.2024 08:30","0.027"
"28.02.2024 08:45","0.013"
"28.02.2024 09:00","0.012"
"28.02.2024 09:15","0.007"
"28.02.2024 09:30","0.009"
"28.02.2024 09:45","0.011"
"28.02.2024 10:00","0.006"
"28.02.2024 10:15","0.01"
"28.02.2024 10:30","0.018"
"28.02.2024 10:45","0.028"
"28.02.2024 11:00","0.032"
"28.02.2024 11:15","0.027"
"28.02.2024 11:30","0.026"
"28.02.2024 11:45","0.023"
"28.02.2024 12:00","0.009"
"28.02.2024 12:15","0.309"
"28.02.2024 12:30","0.239"
"28.02.2024 12:45","0.006"
"28.02.2024 13:00","0.233"
"28.02.2024 13:15","0.777"
"28.02.2024 13:30","0.181"
"28.02.2024 13:45","0.541"
"28.02.2024 14:00","0.09"
"28.02.2024 14:15","0.086"
"28.02.2024 14:30","0.296"
"28.02.2024 14:45","0.353"
"28.02.2024 15:00","0.04"
"28.02.2024 15:15","0.015"
"28.02.2024 15:30","0.009"
"28.02.2024 15:45","0.019"
"28.02.2024 16:00","0.012"
"28.02.2024 16:15","0.024"
"28.02.2024 16:30","0.025"
"28.02.2024 16:45","0.031"
"28.02.2024 17:00","0.055"
"28.02.2024 17:15","0.064"
"28.02.2024 17:30","0.031"
"28.02.2024 17:45","0.331"
"28.02.2024 18:00","0.112"
"28.02.2024 18:15","0.042"
"28.02.2024 18:30","0.281"
"28.02.2024 18:45","0.268"
"28.02.2024 19:00","0.089"
"28.02.2024 19:15","0.068"
"28.02.2024 19:30","0.08"
"28.02.2024 19:45","0.065"
"28.02.2024 20:00","0.059"
"28.02.2024 20:15","0.026"
"28.02.2024 20:30","0.012"
"28.02.2024 20:45","0.015"
"28.02.2024 21:00","0.046"
"28.02.2024 21:15","0.037"
"28.02.2024 21:30","0.03"
"28.02.2024 21:45","0.034"
"28.02.2024 22:00","0.021"
"28.02.2024 22:15","0.02"
"28.02.2024 22:30","0.021"
"28.02.2024 22:45","0.008"
"28.02.2024 23:00","0.015"
"28.02.2024 23:15","0.012"
"28.02.2024 23:30","0.008"
"28.02.2024 23:45","0.037"
"29.02.2024 00:00","0.027"
"29.02.2024 00:15","0.039"
"29.02.2024 00:30","0.039"
"29.02.2024 00:45","0.025"
"29.02.2024 01:00","0.012"
"29.02.2024 01:15","0.019"
"29.02.2024 01:30","0.011"
"29.02.2024 01:45","0.019"
"29.02.2024 02:00","0.021"
"29.02.2024 02:15","0.013"
"29.02.2024 02:30","0.035"
"29.02.2024 02:45","0.052"
"29.02.2024 03:00","0.04"
"29.02.2024 03:15","0.04"
"29.02.2024 03:30","0.041"
"29.02.2024 03:45","0.046"
"29.02.2024 04:00","0.017"
"29.02.2024 04:15","0.013"
"29.02.2024 04:30","0.018"
"29.02.2024 04:45","0.013"
"29.02.2024 05:00","0.018"
"29.02.2024 05:15","0.011"
"29.02.2024 05:30","0.015"
"29.02.2024 05:45","0.037"
"29.02.2024 06:00","0.029"
"29.02.2024 06:15","0.026"
"29.02.2024 06:30","0.032"
"29.02.2024 06:45","0.026"
"29.02.2024 07:00","0.01"
"29.02.2024 07:15","0.025"
"29.02.2024 07:30","0.078"
"29.02.2024 07:45","0.064"
"29.02.2024 08:00","0.017"
"29.02.2024 08:15","0.338"
"29.02.2024 08:30","0.049"
"29.02.2024 08:45","0.043"
"29.02.2024 09:00","0.043"
"29.02.2024 09:15","0.047"
"29.02.2024 09:30","0.031"
"29.02.2024 09:45","0.032"
"29.02.2024 10:00","0.015"
"29.02.2024 10:15","0.01"
"29.02.2024 10:30","0.016"
"29.02.2024 10:45","0.008"
"29.02.2024 11:00","0.008"
"29.02.2024 11:15","0.306"
"29.02.2024 11:30","0.507"
"29.02.2024 11:45","0.205"
"29.02.2024 12:00","0.361"
"29.02.2024 12:15","0.237"
"29.02.2024 12:30","0.05"
"29.02.2024 12:45","0.144"
"29.02.2024 13:00","0.629"
"29.02.2024 13:15","0.406"
"29.02.2024 13:30","0.47"
"29.02.2024 13:45","0.367"
"29.02.2024 14:00","1"
"29.02.2024 14:15","0.368"
"29.02.2024 14:30","0.153"
"29.02.2024 14:45","0.025"
"29.02.2024 15:00","0.016"
"29.02.2024 15:15","0.042"
"29.02.2024 15:30","0.033"
"29.02.2024 15:45","0.027"
"29.02.2024 16:00","0.031"
"29.02.2024 16:15","0.031"
"29.02.2024 16:30","0.064"
"29.02.2024 16:45","0.061"
"29.02.2024 17:00","0.056"
"29.02.2024 17:15","0.047"
"29.02.2024 17:30","0.415"
"29.02.2024 17:45","0.429"
"29.02.2024 18:00","0.049"
"29.02.2024 18:15","0.077"
"29.02.2024 18:30","0.085"
"29.02.2024 18:45","0.087"
"29.02.2024 19:00","0.088"
"29.02.2024 19:15","0.118"
"29.02.2024 19:30","0.116"
"29.02.2024 19:45","0.095"
"29.02.2024 20:00","0.188"
"29.02.2024 20:15","0.427"
"29.02.2024 20:30","0.327"
"29.02.2024 20:45","0.31"
"29.02.2024 21:00","0.301"
"29.02.2024 21:15","0.14"
"29.02.2024 21:30","0.046"
"29.02.2024 21:45","0.036"
"29.02.2024 22:00","0.047"
"29.02.2024 22:15","0.032"
"29.02.2024 22:30","0.033"
"29.02.2024 22:45","0.042"
"29.02.2024 23:00","0.03"
"29.02.2024 23:15","0.014"
"29.02.2024 23:30","0.011"
"29.02.2024 23:45","0.009"