Datum;Zeit von;Zeit bis;AT00100000000000000010000XXXXXXXX (1111111111) - Einspeiser [kWh]
01.05.2024;00:00:00;00:15:00;0
01.05.2024;00:15:00;00:30:00;0
01.05.2024;00:30:00;00:45:00;0
01.05.2024;00:45:00;01:00:00;0
01.05.2024;01:00:00;01:15:00;0
01.05.2024;01:15:00;01:30:00;0
01.05.2024;01:30:00;01:45:00;0
01.05.2024;01:45:00;02:00:00;0
01.05.2024;02:00:00;02:15:00;0
01.05.2024;02:15:00;02:30:00;0
01.05.2024;02:30:00;02:45:00;0
01.05.2024;02:45:00;03:00:00;0
01.05.2024;03:00:00;03:15:00;0
01.05.2024;03:15:00;03:30:00;0
01.05.2024;03:30:00;03:45:00;0
01.05.2024;03:45:00;04:00:00;0
01.05.2024;04:00:00;04:15:00;0
01.05.2024;04:15:00;04:30:00;0
01.05.2024;04:30:00;04:45:00;0
01.05.2024;04:45:00;05:00:00;0
01.05.2024;05:00:00;05:15:00;0
01.05.2024;05:15:00;05:30:00;0
01.05.2024;05:30:00;05:45:00;0
01.05.2024;05:45:00;06:00:00;0
01.05.2024;06:00:00;06:15:00;0
01.05.2024;06:15:00;06:30:00;0
01.05.2024;06:30:00;06:45:00;0
01.05.2024;06:45:00;07:00:00;0,002
01.05.2024;07:00:00;07:15:00;0,002
01.05.2024;07:15:00;07:30:00;0
01.05.2024;07:30:00;07:45:00;0,046
01.05.2024;07:45:00;08:00:00;0,08
01.05.2024;08:00:00;08:15:00;0,188
01.05.2024;08:15:00;08:30:00;0,242
01.05.2024;08:30:00;08:45:00;0,333
01.05.2024;08:45:00;09:00:00;0,419
01.05.2024;09:00:00;09:15:00;0,273
01.05.2024;09:15:00;09:30:00;0,289
01.05.2024;09:30:00;09:45:00;0,285
01.05.2024;09:45:00;10:00:00;0,574
01.05.2024;10:00:00;10:15:00;0,459
01.05.2024;10:15:00;10:30:00;0,352
01.05.2024;10:30:00;10:45:00;0,505
01.05.2024;10:45:00;11:00:00;0,617
01.05.2024;11:00:00;11:15:00;0,991
01.05.2024;11:15:00;11:30:00;1,119
01.05.2024;11:30:00;11:45:00;0,469
01.05.2024;11:45:00;12:00:00;1,339
01.05.2024;12:00:00;12:15:00;1,277
01.05.2024;12:15:00;12:30:00;1,317
01.05.2024;12:30:00;12:45:00;1,346
01.05.2024;12:45:00;13:00:00;1,556
01.05.2024;13:00:00;13:15:00;1,389
01.05.2024;13:15:00;13:30:00;1,463
01.05.2024;13:30:00;13:45:00;0,951
01.05.2024;13:45:00;14:00:00;0,849
01.05.2024;14:00:00;14:15:00;0,919
01.05.2024;14:15:00;14:30:00;1,017
01.05.2024;14:30:00;14:45:00;0,727
01.05.2024;14:45:00;15:00:00;0,849
01.05.2024;15:00:00;15:15:00;1,13
01.05.2024;15:15:00;15:30:00;1,061
01.05.2024;15:30:00;15:45:00;1,1
01.05.2024;15:45:00;16:00:00;1,033
01.05.2024;16:00:00;16:15:00;0,971
01.05.2024;16:15:00;16:30:00;0,898
01.05.2024;16:30:00;16:45:00;0,957
01.05.2024;16:45:00;17:00:00;0,727
01.05.2024;17:00:00;17:15:00;0,725
01.05.2024;17:15:00;17:30:00;0,349
01.05.2024;17:30:00;17:45:00;0,562
01.05.2024;17:45:00;18:00:00;0,416
01.05.2024;18:00:00;18:15:00;0,28
01.05.2024;18:15:00;18:30:00;0,088
01.05.2024;18:30:00;18:45:00;0,063
01.05.2024;18:45:00;19:00:00;0,066
01.05.2024;19:00:00;19:15:00;0
01.05.2024;19:15:00;19:30:00;0
01.05.2024;19:30:00;19:45:00;0
01.05.2024;19:45:00;20:00:00;0
01.05.2024;20:00:00;20:15:00;0
01.05.2024;20:15:00;20:30:00;0
01.05.2024;20:30:00;20:45:00;0
01.05.2024;20:45:00;21:00:00;0
01.05.2024;21:00:00;21:15:00;0
01.05.2024;21:15:00;21:30:00;0
01.05.2024;21:30:00;21:45:00;0
01.05.2024;21:45:00;22:00:00;0
01.05.2024;22:00:00;22:15:00;0
01.05.2024;22:15:00;22:30:00;0
01.05.2024;22:30:00;22:45:00;0
01.05.2024;22:45:00;23:00:00;0
01.05.2024;23:00:00;23:15:00;0
01.05.2024;23:15:00;23:30:00;0
01.05.2024;23:30:00;23:45:00;0
01.05.2024;23:45:00;00:00:00;0
02.05.2024;00:00:00;00:15:00;0
02.05.2024;00:15:00;00:30:00;0
02.05.2024;00:30:00;00:45:00;0
02.05.2024;00:45:00;01:00:00;0
02.05.2024;01:00:00;01:15:00;0
02.05.2024;01:15:00;01:30:00;0
02.05.2024;01:30:00;01:45:00;0
02.05.2024;01:45:00;02:00:00;0
02.05.2024;02:00:00;02:15:00;0
02.05.2024;02:15:00;02:30:00;0
02.05.2024;02:30:00;02:45:00;0
02.05.2024;02:45:00;03:00:00;0
02.05.2024;03:00:00;03:15:00;0
02.05.2024;03:15:00;03:30:00;0
02.05.2024;03:30:00;03:45:00;0
02.05.2024;03:45:00;04:00:00;0
02.05.2024;04:00:00;04:15:00;0
02.05.2024;04:15:00;04:30:00;0
02.05.2024;04:30:00;04:45:00;0
02.05.2024;04:45:00;05:00:00;0
02.05.2024;05:00:00;05:15:00;0
02.05.2024;05:15:00;05:30:00;0
02.05.2024;05:30:00;05:45:00;0
02.05.2024;05:45:00;06:00:00;0
02.05.2024;06:00:00;06:15:00;0
02.05.2024;06:15:00;06:30:00;0,002
02.05.2024;06:30:00;06:45:00;0,015
02.05.2024;06:45:00;07:00:00;0,017
02.05.2024;07:00:00;07:15:00;0,001
02.05.2024;07:15:00;07:30:00;0,087
02.05.2024;07:30:00;07:45:00;0,077
02.05.2024;07:45:00;08:00:00;0,178
02.05.2024;08:00:00;08:15:00;0,216
02.05.2024;08:15:00;08:30:00;0,276
02.05.2024;08:30:00;08:45:00;0,237
02.05.2024;08:45:00;09:00:00;0,375
02.05.2024;09:00:00;09:15:00;0,25
02.05.2024;09:15:00;09:30:00;0,347
02.05.2024;09:30:00;09:45:00;0,302
02.05.2024;09:45:00;10:00:00;0,437
02.05.2024;10:00:00;10:15:00;0,565
02.05.2024;10:15:00;10:30:00;0,806
02.05.2024;10:30:00;10:45:00;0,497
02.05.2024;10:45:00;11:00:00;0,801
02.05.2024;11:00:00;11:15:00;0,9
02.05.2024;11:15:00;11:30:00;1,011
02.05.2024;11:30:00;11:45:00;1,227
02.05.2024;11:45:00;12:00:00;1,039
02.05.2024;12:00:00;12:15:00;1,128
02.05.2024;12:15:00;12:30:00;1,242
02.05.2024;12:30:00;12:45:00;1,042
02.05.2024;12:45:00;13:00:00;0,763
02.05.2024;13:00:00;13:15:00;0,948
02.05.2024;13:15:00;13:30:00;0,211
02.05.2024;13:30:00;13:45:00;0,686
02.05.2024;13:45:00;14:00:00;0,461
02.05.2024;14:00:00;14:15:00;0,286
02.05.2024;14:15:00;14:30:00;0,002
02.05.2024;14:30:00;14:45:00;0,283
02.05.2024;14:45:00;15:00:00;0,29
02.05.2024;15:00:00;15:15:00;0,372
02.05.2024;15:15:00;15:30:00;0,396
02.05.2024;15:30:00;15:45:00;0,062
02.05.2024;15:45:00;16:00:00;0,761
02.05.2024;16:00:00;16:15:00;0,915
02.05.2024;16:15:00;16:30:00;0,81
02.05.2024;16:30:00;16:45:00;1,179
02.05.2024;16:45:00;17:00:00;1,04
02.05.2024;17:00:00;17:15:00;0,945
02.05.2024;17:15:00;17:30:00;0,831
02.05.2024;17:30:00;17:45:00;0,455
02.05.2024;17:45:00;18:00:00;0,548
02.05.2024;18:00:00;18:15:00;0,281
02.05.2024;18:15:00;18:30:00;0,209
02.05.2024;18:30:00;18:45:00;0,119
02.05.2024;18:45:00;19:00:00;0,096
02.05.2024;19:00:00;19:15:00;0,027
02.05.2024;19:15:00;19:30:00;0
02.05.2024;19:30:00;19:45:00;0
02.05.2024;19:45:00;20:00:00;0
02.05.2024;20:00:00;20:15:00;0
02.05.2024;20:15:00;20:30:00;0
02.05.2024;20:30:00;20:45:00;0
02.05.2024;20:45:00;21:00:00;0
02.05.2024;21:00:00;21:15:00;0
02.05.2024;21:15:00;21:30:00;0
02.05.2024;21:30:00;21:45:00;0
02.05.2024;21:45:00;22:00:00;0
02.05.2024;22:00:00;22:15:00;0
02.05.2024;22:15:00;22:30:00;0
02.05.2024;22:30:00;22:45:00;0
02.05.2024;22:45:00;23:00:00;0
02.05.2024;23:00:00;23:15:00;0
02.05.2024;23:15:00;23:30:00;0
02.05.2024;23:30:00;23:45:00;0
02.05.2024;23:45:00;00:00:00;0
03.05.2024;00:00:00;00:15:00;0
03.05.2024;00:15:00;00:30:00;0
03.05.2024;00:30:00;00:45:00;0
03.05.2024;00:45:00;01:00:00;0
03.05.2024;01:00:00;01:15:00;0
03.05.2024;01:15:00;01:30:00;0
03.05.2024;01:30:00;01:45:00;0
03.05.2024;01:45:00;02:00:00;0
03.05.2024;02:00:00;02:15:00;0
03.05.2024;02:15:00;02:30:00;0
03.05.2024;02:30:00;02:45:00;0
03.05.2024;02:45:00;03:00:00;0
03.05.2024;03:00:00;03:15:00;0
03.05.2024;03:15:00;03:30:00;0
03.05.2024;03:30:00;03:45:00;0
03.05.2024;03:45:00;04:00:00;0
03.05.2024;04:00:00;04:15:00;0
03.05.2024;04:15:00;04:30:00;0
03.05.2024;04:30:00;04:45:00;0
03.05.2024;04:45:00;05:00:00;0
03.05.2024;05:00:00;05:15:00;0
03.05.2024;05:15:00;05:30:00;0
03.05.2024;05:30:00;05:45:00;0
03.05.2024;05:45:00;06:00:00;0
03.05.2024;06:00:00;06:15:00;0
03.05.2024;06:15:00;06:30:00;0
03.05.2024;06:30:00;06:45:00;0
03.05.2024;06:45:00;07:00:00;0
03.05.2024;07:00:00;07:15:00;0
03.05.2024;07:15:00;07:30:00;0
03.05.2024;07:30:00;07:45:00;0
03.05.2024;07:45:00;08:00:00;0
03.05.2024;08:00:00;08:15:00;0
03.05.2024;08:15:00;08:30:00;0
03.05.2024;08:30:00;08:45:00;0,038
03.05.2024;08:45:00;09:00:00;0,157
03.05.2024;09:00:00;09:15:00;0,132
03.05.2024;09:15:00;09:30:00;0,048
03.05.2024;09:30:00;09:45:00;0,005
03.05.2024;09:45:00;10:00:00;0,036
03.05.2024;10:00:00;10:15:00;0,093
03.05.2024;10:15:00;10:30:00;0,192
03.05.2024;10:30:00;10:45:00;0,178
03.05.2024;10:45:00;11:00:00;0,022
03.05.2024;11:00:00;11:15:00;0
03.05.2024;11:15:00;11:30:00;0
03.05.2024;11:30:00;11:45:00;0
03.05.2024;11:45:00;12:00:00;0,218
03.05.2024;12:00:00;12:15:00;0,331
03.05.2024;12:15:00;12:30:00;0,303
03.05.2024;12:30:00;12:45:00;0,205
03.05.2024;12:45:00;13:00:00;0,201
03.05.2024;13:00:00;13:15:00;0,176
03.05.2024;13:15:00;13:30:00;0,286
03.05.2024;13:30:00;13:45:00;0,318
03.05.2024;13:45:00;14:00:00;0,285
03.05.2024;14:00:00;14:15:00;0,148
03.05.2024;14:15:00;14:30:00;0,351
03.05.2024;14:30:00;14:45:00;0,373
03.05.2024;14:45:00;15:00:00;0,504
03.05.2024;15:00:00;15:15:00;0,542
03.05.2024;15:15:00;15:30:00;0,447
03.05.2024;15:30:00;15:45:00;0,533
03.05.2024;15:45:00;16:00:00;1,074
03.05.2024;16:00:00;16:15:00;0,829
03.05.2024;16:15:00;16:30:00;0,458
03.05.2024;16:30:00;16:45:00;0,414
03.05.2024;16:45:00;17:00:00;0,069
03.05.2024;17:00:00;17:15:00;0,126
03.05.2024;17:15:00;17:30:00;0,161
03.05.2024;17:30:00;17:45:00;0,136
03.05.2024;17:45:00;18:00:00;0,136
03.05.2024;18:00:00;18:15:00;0,133
03.05.2024;18:15:00;18:30:00;0,059
03.05.2024;18:30:00;18:45:00;0,041
03.05.2024;18:45:00;19:00:00;0,004
03.05.2024;19:00:00;19:15:00;0
03.05.2024;19:15:00;19:30:00;0
03.05.2024;19:30:00;19:45:00;0
03.05.2024;19:45:00;20:00:00;0
03.05.2024;20:00:00;20:15:00;0
03.05.2024;20:15:00;20:30:00;0
03.05.2024;20:30:00;20:45:00;0
03.05.2024;20:45:00;21:00:00;0
03.05.2024;21:00:00;21:15:00;0
03.05.2024;21:15:00;21:30:00;0
03.05.2024;21:30:00;21:45:00;0
03.05.2024;21:45:00;22:00:00;0
03.05.2024;22:00:00;22:15:00;0
03.05.2024;22:15:00;22:30:00;0
03.05.2024;22:30:00;22:45:00;0
03.05.2024;22:45:00;23:00:00;0
03.05.2024;23:00:00;23:15:00;0
03.05.2024;23:15:00;23:30:00;0
03.05.2024;23:30:00;23:45:00;0
03.05.2024;23:45:00;00:00:00;0
04.05.2024;00:00:00;00:15:00;0
04.05.2024;00:15:00;00:30:00;0
04.05.2024;00:30:00;00:45:00;0
04.05.2024;00:45:00;01:00:00;0
04.05.2024;01:00:00;01:15:00;0
04.05.2024;01:15:00;01:30:00;0
04.05.2024;01:30:00;01:45:00;0
04.05.2024;01:45:00;02:00:00;0
04.05.2024;02:00:00;02:15:00;0
04.05.2024;02:15:00;02:30:00;0
04.05.2024;02:30:00;02:45:00;0
04.05.2024;02:45:00;03:00:00;0
04.05.2024;03:00:00;03:15:00;0
04.05.2024;03:15:00;03:30:00;0
04.05.2024;03:30:00;03:45:00;0
04.05.2024;03:45:00;04:00:00;0
04.05.2024;04:00:00;04:15:00;0
04.05.2024;04:15:00;04:30:00;0
04.05.2024;04:30:00;04:45:00;0
04.05.2024;04:45:00;05:00:00;0
04.05.2024;05:00:00;05:15:00;0
04.05.2024;05:15:00;05:30:00;0
04.05.2024;05:30:00;05:45:00;0
04.05.2024;05:45:00;06:00:00;0
04.05.2024;06:00:00;06:15:00;0
04.05.2024;06:15:00;06:30:00;0,006
04.05.2024;06:30:00;06:45:00;0,016
04.05.2024;06:45:00;07:00:00;0,009
04.05.2024;07:00:00;07:15:00;0,105
04.05.2024;07:15:00;07:30:00;0,108
04.05.2024;07:30:00;07:45:00;0,006
04.05.2024;07:45:00;08:00:00;0,066
04.05.2024;08:00:00;08:15:00;0,227
04.05.2024;08:15:00;08:30:00;0,028
04.05.2024;08:30:00;08:45:00;0
04.05.2024;08:45:00;09:00:00;0,235
04.05.2024;09:00:00;09:15:00;0,053
04.05.2024;09:15:00;09:30:00;0,068
04.05.2024;09:30:00;09:45:00;0,291
04.05.2024;09:45:00;10:00:00;0,496
04.05.2024;10:00:00;10:15:00;0,391
04.05.2024;10:15:00;10:30:00;0,712
04.05.2024;10:30:00;10:45:00;0,72
04.05.2024;10:45:00;11:00:00;1,071
04.05.2024;11:00:00;11:15:00;0,954
04.05.2024;11:15:00;11:30:00;0,893
04.05.2024;11:30:00;11:45:00;0,993
04.05.2024;11:45:00;12:00:00;0,967
04.05.2024;12:00:00;12:15:00;1,224
04.05.2024;12:15:00;12:30:00;1,146
04.05.2024;12:30:00;12:45:00;1,196
04.05.2024;12:45:00;13:00:00;1,26
04.05.2024;13:00:00;13:15:00;1,268
04.05.2024;13:15:00;13:30:00;1,473
04.05.2024;13:30:00;13:45:00;1,309
04.05.2024;13:45:00;14:00:00;1,439
04.05.2024;14:00:00;14:15:00;1,429
04.05.2024;14:15:00;14:30:00;1,328
04.05.2024;14:30:00;14:45:00;1,357
04.05.2024;14:45:00;15:00:00;1,219
04.05.2024;15:00:00;15:15:00;1,215
04.05.2024;15:15:00;15:30:00;1,102
04.05.2024;15:30:00;15:45:00;0,925
04.05.2024;15:45:00;16:00:00;0,609
04.05.2024;16:00:00;16:15:00;0,98
04.05.2024;16:15:00;16:30:00;0,965
04.05.2024;16:30:00;16:45:00;1,22
04.05.2024;16:45:00;17:00:00;1,1
04.05.2024;17:00:00;17:15:00;0,865
04.05.2024;17:15:00;17:30:00;0,838
04.05.2024;17:30:00;17:45:00;0,474
04.05.2024;17:45:00;18:00:00;0,474
04.05.2024;18:00:00;18:15:00;0,32
04.05.2024;18:15:00;18:30:00;0,232
04.05.2024;18:30:00;18:45:00;0,048
04.05.2024;18:45:00;19:00:00;0,024
04.05.2024;19:00:00;19:15:00;0,012
04.05.2024;19:15:00;19:30:00;0
04.05.2024;19:30:00;19:45:00;0
04.05.2024;19:45:00;20:00:00;0
04.05.2024;20:00:00;20:15:00;0
04.05.2024;20:15:00;20:30:00;0
04.05.2024;20:30:00;20:45:00;0
04.05.2024;20:45:00;21:00:00;0
04.05.2024;21:00:00;21:15:00;0
04.05.2024;21:15:00;21:30:00;0
04.05.2024;21:30:00;21:45:00;0
04.05.2024;21:45:00;22:00:00;0
04.05.2024;22:00:00;22:15:00;0
04.05.2024;22:15:00;22:30:00;0
04.05.2024;22:30:00;22:45:00;0
04.05.2024;22:45:00;23:00:00;0
04.05.2024;23:00:00;23:15:00;0
04.05.2024;23:15:00;23:30:00;0
04.05.2024;23:30:00;23:45:00;0
04.05.2024;23:45:00;00:00:00;0
05.05.2024;00:00:00;00:15:00;0
05.05.2024;00:15:00;00:30:00;0
05.05.2024;00:30:00;00:45:00;0
05.05.2024;00:45:00;01:00:00;0
05.05.2024;01:00:00;01:15:00;0
05.05.2024;01:15:00;01:30:00;0
05.05.2024;01:30:00;01:45:00;0
05.05.2024;01:45:00;02:00:00;0
05.05.2024;02:00:00;02:15:00;0
05.05.2024;02:15:00;02:30:00;0
05.05.2024;02:30:00;02:45:00;0
05.05.2024;02:45:00;03:00:00;0
05.05.2024;03:00:00;03:15:00;0
05.05.2024;03:15:00;03:30:00;0
05.05.2024;03:30:00;03:45:00;0
05.05.2024;03:45:00;04:00:00;0
05.05.2024;04:00:00;04:15:00;0
05.05.2024;04:15:00;04:30:00;0
05.05.2024;04:30:00;04:45:00;0
05.05.2024;04:45:00;05:00:00;0
05.05.2024;05:00:00;05:15:00;0
05.05.2024;05:15:00;05:30:00;0
05.05.2024;05:30:00;05:45:00;0
05.05.2024;05:45:00;06:00:00;0
05.05.2024;06:00:00;06:15:00;0
05.05.2024;06:15:00;06:30:00;0
05.05.2024;06:30:00;06:45:00;0
05.05.2024;06:45:00;07:00:00;0
05.05.2024;07:00:00;07:15:00;0
05.05.2024;07:15:00;07:30:00;0,009
05.05.2024;07:30:00;07:45:00;0,001
05.05.2024;07:45:00;08:00:00;0,036
05.05.2024;08:00:00;08:15:00;0,035
05.05.2024;08:15:00;08:30:00;0,178
05.05.2024;08:30:00;08:45:00;0,408
05.05.2024;08:45:00;09:00:00;0,546
05.05.2024;09:00:00;09:15:00;0,68
05.05.2024;09:15:00;09:30:00;0,791
05.05.2024;09:30:00;09:45:00;0,911
05.05.2024;09:45:00;10:00:00;1,008
05.05.2024;10:00:00;10:15:00;0,817
05.05.2024;10:15:00;10:30:00;0,934
05.05.2024;10:30:00;10:45:00;0,92
05.05.2024;10:45:00;11:00:00;1,122
05.05.2024;11:00:00;11:15:00;1,159
05.05.2024;11:15:00;11:30:00;1,303
05.05.2024;11:30:00;11:45:00;1,204
05.05.2024;11:45:00;12:00:00;1,228
05.05.2024;12:00:00;12:15:00;1,449
05.05.2024;12:15:00;12:30:00;1,44
05.05.2024;12:30:00;12:45:00;1,431
05.05.2024;12:45:00;13:00:00;1,032
05.05.2024;13:00:00;13:15:00;0,262
05.05.2024;13:15:00;13:30:00;1,465
05.05.2024;13:30:00;13:45:00;1,382
05.05.2024;13:45:00;14:00:00;1,65
05.05.2024;14:00:00;14:15:00;1,498
05.05.2024;14:15:00;14:30:00;0,875
05.05.2024;14:30:00;14:45:00;0,528
05.05.2024;14:45:00;15:00:00;0,703
05.05.2024;15:00:00;15:15:00;0,803
05.05.2024;15:15:00;15:30:00;1,124
05.05.2024;15:30:00;15:45:00;0,543
05.05.2024;15:45:00;16:00:00;0,619
05.05.2024;16:00:00;16:15:00;0,754
05.05.2024;16:15:00;16:30:00;0,89
05.05.2024;16:30:00;16:45:00;0,741
05.05.2024;16:45:00;17:00:00;0,7
05.05.2024;17:00:00;17:15:00;0,51
05.05.2024;17:15:00;17:30:00;0,377
05.05.2024;17:30:00;17:45:00;0,099
05.05.2024;17:45:00;18:00:00;0
05.05.2024;18:00:00;18:15:00;0,265
05.05.2024;18:15:00;18:30:00;0,293
05.05.2024;18:30:00;18:45:00;0,152
05.05.2024;18:45:00;19:00:00;0,151
05.05.2024;19:00:00;19:15:00;0,03
05.05.2024;19:15:00;19:30:00;0
05.05.2024;19:30:00;19:45:00;0
05.05.2024;19:45:00;20:00:00;0
05.05.2024;20:00:00;20:15:00;0
05.05.2024;20:15:00;20:30:00;0
05.05.2024;20:30:00;20:45:00;0
05.05.2024;20:45:00;21:00:00;0
05.05.2024;21:00:00;21:15:00;0
05.05.2024;21:15:00;21:30:00;0
05.05.2024;21:30:00;21:45:00;0
05.05.2024;21:45:00;22:00:00;0
05.05.2024;22:00:00;22:15:00;0
05.05.2024;22:15:00;22:30:00;0
05.05.2024;22:30:00;22:45:00;0
05.05.2024;22:45:00;23:00:00;0
05.05.2024;23:00:00;23:15:00;0
05.05.2024;23:15:00;23:30:00;0
05.05.2024;23:30:00;23:45:00;0
05.05.2024;23:45:00;00:00:00;0
06.05.2024;00:00:00;00:15:00;0
06.05.2024;00:15:00;00:30:00;0
06.05.2024;00:30:00;00:45:00;0
06.05.2024;00:45:00;01:00:00;0
06.05.2024;01:00:00;01:15:00;0
06.05.2024;01:15:00;01:30:00;0
06.05.2024;01:30:00;01:45:00;0
06.05.2024;01:45:00;02:00:00;0
06.05.2024;02:00:00;02:15:00;0
06.05.2024;02:15:00;02:30:00;0
06.05.2024;02:30:00;02:45:00;0
06.05.2024;02:45:00;03:00:00;0
06.05.2024;03:00:00;03:15:00;0
06.05.2024;03:15:00;03:30:00;0
06.05.2024;03:30:00;03:45:00;0
06.05.2024;03:45:00;04:00:00;0
06.05.2024;04:00:00;04:15:00;0
06.05.2024;04:15:00;04:30:00;0
06.05.2024;04:30:00;04:45:00;0
06.05.2024;04:45:00;05:00:00;0
06.05.2024;05:00:00;05:15:00;0
06.05.2024;05:15:00;05:30:00;0
06.05.2024;05:30:00;05:45:00;0
06.05.2024;05:45:00;06:00:00;0
06.05.2024;06:00:00;06:15:00;0
06.05.2024;06:15:00;06:30:00;0
06.05.2024;06:30:00;06:45:00;0
06.05.2024;06:45:00;07:00:00;0
06.05.2024;07:00:00;07:15:00;0,008
06.05.2024;07:15:00;07:30:00;0,052
06.05.2024;07:30:00;07:45:00;0,036
06.05.2024;07:45:00;08:00:00;0,063
06.05.2024;08:00:00;08:15:00;0,133
06.05.2024;08:15:00;08:30:00;0,155
06.05.2024;08:30:00;08:45:00;0,242
06.05.2024;08:45:00;09:00:00;0,258
06.05.2024;09:00:00;09:15:00;0,054
06.05.2024;09:15:00;09:30:00;0,062
06.05.2024;09:30:00;09:45:00;0,182
06.05.2024;09:45:00;10:00:00;0,213
06.05.2024;10:00:00;10:15:00;0,066
06.05.2024;10:15:00;10:30:00;0,286
06.05.2024;10:30:00;10:45:00;0,147
06.05.2024;10:45:00;11:00:00;0,251
06.05.2024;11:00:00;11:15:00;0,087
06.05.2024;11:15:00;11:30:00;0,094
06.05.2024;11:30:00;11:45:00;0,118
06.05.2024;11:45:00;12:00:00;0,084
06.05.2024;12:00:00;12:15:00;0,11
06.05.2024;12:15:00;12:30:00;0,159
06.05.2024;12:30:00;12:45:00;0,51
06.05.2024;12:45:00;13:00:00;0,068
06.05.2024;13:00:00;13:15:00;0,069
06.05.2024;13:15:00;13:30:00;0,078
06.05.2024;13:30:00;13:45:00;0,076
06.05.2024;13:45:00;14:00:00;0,083
06.05.2024;14:00:00;14:15:00;0,001
06.05.2024;14:15:00;14:30:00;0
06.05.2024;14:30:00;14:45:00;0
06.05.2024;14:45:00;15:00:00;0
06.05.2024;15:00:00;15:15:00;0,089
06.05.2024;15:15:00;15:30:00;0,181
06.05.2024;15:30:00;15:45:00;0,043
06.05.2024;15:45:00;16:00:00;0,052
06.05.2024;16:00:00;16:15:00;0,073
06.05.2024;16:15:00;16:30:00;0,236
06.05.2024;16:30:00;16:45:00;0,123
06.05.2024;16:45:00;17:00:00;0,011
06.05.2024;17:00:00;17:15:00;0,038
06.05.2024;17:15:00;17:30:00;0,02
06.05.2024;17:30:00;17:45:00;0,046
06.05.2024;17:45:00;18:00:00;0
06.05.2024;18:00:00;18:15:00;0
06.05.2024;18:15:00;18:30:00;0
06.05.2024;18:30:00;18:45:00;0
06.05.2024;18:45:00;19:00:00;0,003
06.05.2024;19:00:00;19:15:00;0,007
06.05.2024;19:15:00;19:30:00;0
06.05.2024;19:30:00;19:45:00;0
06.05.2024;19:45:00;20:00:00;0
06.05.2024;20:00:00;20:15:00;0
06.05.2024;20:15:00;20:30:00;0
06.05.2024;20:30:00;20:45:00;0
06.05.2024;20:45:00;21:00:00;0
06.05.2024;21:00:00;21:15:00;0
06.05.2024;21:15:00;21:30:00;0
06.05.2024;21:30:00;21:45:00;0
06.05.2024;21:45:00;22:00:00;0
06.05.2024;22:00:00;22:15:00;0
06.05.2024;22:15:00;22:30:00;0
06.05.2024;22:30:00;22:45:00;0
06.05.2024;22:45:00;23:00:00;0
06.05.2024;23:00:00;23:15:00;0
06.05.2024;23:15:00;23:30:00;0
06.05.2024;23:30:00;23:45:00;0
06.05.2024;23:45:00;00:00:00;0
07.05.2024;00:00:00;00:15:00;0
07.05.2024;00:15:00;00:30:00;0
07.05.2024;00:30:00;00:45:00;0
07.05.2024;00:45:00;01:00:00;0
07.05.2024;01:00:00;01:15:00;0
07.05.2024;01:15:00;01:30:00;0
07.05.2024;01:30:00;01:45:00;0
07.05.2024;01:45:00;02:00:00;0
07.05.2024;02:00:00;02:15:00;0
07.05.2024;02:15:00;02:30:00;0
07.05.2024;02:30:00;02:45:00;0
07.05.2024;02:45:00;03:00:00;0
07.05.2024;03:00:00;03:15:00;0
07.05.2024;03:15:00;03:30:00;0
07.05.2024;03:30:00;03:45:00;0
07.05.2024;03:45:00;04:00:00;0
07.05.2024;04:00:00;04:15:00;0
07.05.2024;04:15:00;04:30:00;0
07.05.2024;04:30:00;04:45:00;0
07.05.2024;04:45:00;05:00:00;0
07.05.2024;05:00:00;05:15:00;0
07.05.2024;05:15:00;05:30:00;0
07.05.2024;05:30:00;05:45:00;0
07.05.2024;05:45:00;06:00:00;0
07.05.2024;06:00:00;06:15:00;0
07.05.2024;06:15:00;06:30:00;0
07.05.2024;06:30:00;06:45:00;0
07.05.2024;06:45:00;07:00:00;0,015
07.05.2024;07:00:00;07:15:00;0,039
07.05.2024;07:15:00;07:30:00;0,062
07.05.2024;07:30:00;07:45:00;0,076
07.05.2024;07:45:00;08:00:00;0,083
07.05.2024;08:00:00;08:15:00;0,104
07.05.2024;08:15:00;08:30:00;0,116
07.05.2024;08:30:00;08:45:00;0,131
07.05.2024;08:45:00;09:00:00;0,225
07.05.2024;09:00:00;09:15:00;0,238
07.05.2024;09:15:00;09:30:00;0,132
07.05.2024;09:30:00;09:45:00;0,176
07.05.2024;09:45:00;10:00:00;0,226
07.05.2024;10:00:00;10:15:00;0,173
07.05.2024;10:15:00;10:30:00;0,364
07.05.2024;10:30:00;10:45:00;0,492
07.05.2024;10:45:00;11:00:00;0,125
07.05.2024;11:00:00;11:15:00;0,228
07.05.2024;11:15:00;11:30:00;0,07
07.05.2024;11:30:00;11:45:00;0,006
07.05.2024;11:45:00;12:00:00;0,062
07.05.2024;12:00:00;12:15:00;0,025
07.05.2024;12:15:00;12:30:00;0,217
07.05.2024;12:30:00;12:45:00;0,093
07.05.2024;12:45:00;13:00:00;0,162
07.05.2024;13:00:00;13:15:00;0,319
07.05.2024;13:15:00;13:30:00;0,358
07.05.2024;13:30:00;13:45:00;0,2
07.05.2024;13:45:00;14:00:00;0,251
07.05.2024;14:00:00;14:15:00;0,434
07.05.2024;14:15:00;14:30:00;0,133
07.05.2024;14:30:00;14:45:00;0,327
07.05.2024;14:45:00;15:00:00;0,581
07.05.2024;15:00:00;15:15:00;0,59
07.05.2024;15:15:00;15:30:00;0,55
07.05.2024;15:30:00;15:45:00;0,498
07.05.2024;15:45:00;16:00:00;0,332
07.05.2024;16:00:00;16:15:00;0,288
07.05.2024;16:15:00;16:30:00;0,37
07.05.2024;16:30:00;16:45:00;0,447
07.05.2024;16:45:00;17:00:00;0,07
07.05.2024;17:00:00;17:15:00;0,328
07.05.2024;17:15:00;17:30:00;0,189
07.05.2024;17:30:00;17:45:00;0,054
07.05.2024;17:45:00;18:00:00;0,011
07.05.2024;18:00:00;18:15:00;0,044
07.05.2024;18:15:00;18:30:00;0,025
07.05.2024;18:30:00;18:45:00;0
07.05.2024;18:45:00;19:00:00;0
07.05.2024;19:00:00;19:15:00;0
07.05.2024;19:15:00;19:30:00;0
07.05.2024;19:30:00;19:45:00;0
07.05.2024;19:45:00;20:00:00;0
07.05.2024;20:00:00;20:15:00;0
07.05.2024;20:15:00;20:30:00;0
07.05.2024;20:30:00;20:45:00;0
07.05.2024;20:45:00;21:00:00;0
07.05.2024;21:00:00;21:15:00;0
07.05.2024;21:15:00;21:30:00;0
07.05.2024;21:30:00;21:45:00;0
07.05.2024;21:45:00;22:00:00;0
07.05.2024;22:00:00;22:15:00;0
07.05.2024;22:15:00;22:30:00;0
07.05.2024;22:30:00;22:45:00;0
07.05.2024;22:45:00;23:00:00;0
07.05.2024;23:00:00;23:15:00;0
07.05.2024;23:15:00;23:30:00;0
07.05.2024;23:30:00;23:45:00;0
07.05.2024;23:45:00;00:00:00;0
08.05.2024;00:00:00;00:15:00;0
08.05.2024;00:15:00;00:30:00;0
08.05.2024;00:30:00;00:45:00;0
08.05.2024;00:45:00;01:00:00;0
08.05.2024;01:00:00;01:15:00;0
08.05.2024;01:15:00;01:30:00;0
08.05.2024;01:30:00;01:45:00;0
08.05.2024;01:45:00;02:00:00;0
08.05.2024;02:00:00;02:15:00;0
08.05.2024;02:15:00;02:30:00;0
08.05.2024;02:30:00;02:45:00;0
08.05.2024;02:45:00;03:00:00;0
08.05.2024;03:00:00;03:15:00;0
08.05.2024;03:15:00;03:30:00;0
08.05.2024;03:30:00;03:45:00;0
08.05.2024;03:45:00;04:00:00;0
08.05.2024;04:00:00;04:15:00;0
08.05.2024;04:15:00;04:30:00;0
08.05.2024;04:30:00;04:45:00;0
08.05.2024;04:45:00;05:00:00;0
08.05.2024;05:00:00;05:15:00;0
08.05.2024;05:15:00;05:30:00;0
08.05.2024;05:30:00;05:45:00;0
08.05.2024;05:45:00;06:00:00;0
08.05.2024;06:00:00;06:15:00;0
08.05.2024;06:15:00;06:30:00;0
08.05.2024;06:30:00;06:45:00;0
08.05.2024;06:45:00;07:00:00;0
08.05.2024;07:00:00;07:15:00;0
08.05.2024;07:15:00;07:30:00;0
08.05.2024;07:30:00;07:45:00;0
08.05.2024;07:45:00;08:00:00;0
08.05.2024;08:00:00;08:15:00;0
08.05.2024;08:15:00;08:30:00;0
08.05.2024;08:30:00;08:45:00;0
08.05.2024;08:45:00;09:00:00;0
08.05.2024;09:00:00;09:15:00;0
08.05.2024;09:15:00;09:30:00;0
08.05.2024;09:30:00;09:45:00;0
08.05.2024;09:45:00;10:00:00;0
08.05.2024;10:00:00;10:15:00;0
08.05.2024;10:15:00;10:30:00;0,005
08.05.2024;10:30:00;10:45:00;0,023
08.05.2024;10:45:00;11:00:00;0,004
08.05.2024;11:00:00;11:15:00;0,013
08.05.2024;11:15:00;11:30:00;0,003
08.05.2024;11:30:00;11:45:00;0,015
08.05.2024;11:45:00;12:00:00;0,008
08.05.2024;12:00:00;12:15:00;0,067
08.05.2024;12:15:00;12:30:00;0,015
08.05.2024;12:30:00;12:45:00;0,026
08.05.2024;12:45:00;13:00:00;0,027
08.05.2024;13:00:00;13:15:00;0,113
08.05.2024;13:15:00;13:30:00;0,018
08.05.2024;13:30:00;13:45:00;0,19
08.05.2024;13:45:00;14:00:00;0,227
08.05.2024;14:00:00;14:15:00;0,305
08.05.2024;14:15:00;14:30:00;0,667
08.05.2024;14:30:00;14:45:00;0,767
08.05.2024;14:45:00;15:00:00;0,814
08.05.2024;15:00:00;15:15:00;0,84
08.05.2024;15:15:00;15:30:00;0,355
08.05.2024;15:30:00;15:45:00;0,556
08.05.2024;15:45:00;16:00:00;0,511
08.05.2024;16:00:00;16:15:00;0,416
08.05.2024;16:15:00;16:30:00;0,377
08.05.2024;16:30:00;16:45:00;0,332
08.05.2024;16:45:00;17:00:00;0,39
08.05.2024;17:00:00;17:15:00;0,356
08.05.2024;17:15:00;17:30:00;0,281
08.05.2024;17:30:00;17:45:00;0,384
08.05.2024;17:45:00;18:00:00;0,158
08.05.2024;18:00:00;18:15:00;0,072
08.05.2024;18:15:00;18:30:00;0,019
08.05.2024;18:30:00;18:45:00;0,005
08.05.2024;18:45:00;19:00:00;0,039
08.05.2024;19:00:00;19:15:00;0,014
08.05.2024;19:15:00;19:30:00;0,002
08.05.2024;19:30:00;19:45:00;0
08.05.2024;19:45:00;20:00:00;0
08.05.2024;20:00:00;20:15:00;0
08.05.2024;20:15:00;20:30:00;0
08.05.2024;20:30:00;20:45:00;0
08.05.2024;20:45:00;21:00:00;0
08.05.2024;21:00:00;21:15:00;0
08.05.2024;21:15:00;21:30:00;0
08.05.2024;21:30:00;21:45:00;0
08.05.2024;21:45:00;22:00:00;0
08.05.2024;22:00:00;22:15:00;0
08.05.2024;22:15:00;22:30:00;0
08.05.2024;22:30:00;22:45:00;0
08.05.2024;22:45:00;23:00:00;0
08.05.2024;23:00:00;23:15:00;0
08.05.2024;23:15:00;23:30:00;0
08.05.2024;23:30:00;23:45:00;0
08.05.2024;23:45:00;00:00:00;0
09.05.2024;00:00:00;00:15:00;0
09.05.2024;00:15:00;00:30:00;0
09.05.2024;00:30:00;00:45:00;0
09.05.2024;00:45:00;01:00:00;0
09.05.2024;01:00:00;01:15:00;0
09.05.2024;01:15:00;01:30:00;0
09.05.2024;01:30:00;01:45:00;0
09.05.2024;01:45:00;02:00:00;0
09.05.2024;02:00:00;02:15:00;0
09.05.2024;02:15:00;02:30:00;0
09.05.2024;02:30:00;02:45:00;0
09.05.2024;02:45:00;03:00:00;0
09.05.2024;03:00:00;03:15:00;0
09.05.2024;03:15:00;03:30:00;0
09.05.2024;03:30:00;03:45:00;0
09.05.2024;03:45:00;04:00:00;0
09.05.2024;04:00:00;04:15:00;0
09.05.2024;04:15:00;04:30:00;0
09.05.2024;04:30:00;04:45:00;0
09.05.2024;04:45:00;05:00:00;0
09.05.2024;05:00:00;05:15:00;0
09.05.2024;05:15:00;05:30:00;0
09.05.2024;05:30:00;05:45:00;0
09.05.2024;05:45:00;06:00:00;0
09.05.2024;06:00:00;06:15:00;0
09.05.2024;06:15:00;06:30:00;0
09.05.2024;06:30:00;06:45:00;0
09.05.2024;06:45:00;07:00:00;0
09.05.2024;07:00:00;07:15:00;0
09.05.2024;07:15:00;07:30:00;0,006
09.05.2024;07:30:00;07:45:00;0,068
09.05.2024;07:45:00;08:00:00;0,102
09.05.2024;08:00:00;08:15:00;0,129
09.05.2024;08:15:00;08:30:00;0,147
09.05.2024;08:30:00;08:45:00;0,449
09.05.2024;08:45:00;09:00:00;0,604
09.05.2024;09:00:00;09:15:00;0,538
09.05.2024;09:15:00;09:30:00;0
09.05.2024;09:30:00;09:45:00;0
09.05.2024;09:45:00;10:00:00;0
09.05.2024;10:00:00;10:15:00;0,846
09.05.2024;10:15:00;10:30:00;0,864
09.05.2024;10:30:00;10:45:00;0,947
09.05.2024;10:45:00;11:00:00;0,853
09.05.2024;11:00:00;11:15:00;0,688
09.05.2024;11:15:00;11:30:00;1,1
09.05.2024;11:30:00;11:45:00;1,304
09.05.2024;11:45:00;12:00:00;1,404
09.05.2024;12:00:00;12:15:00;1,458
09.05.2024;12:15:00;12:30:00;1,477
09.05.2024;12:30:00;12:45:00;1,51
09.05.2024;12:45:00;13:00:00;1,519
09.05.2024;13:00:00;13:15:00;1,301
09.05.2024;13:15:00;13:30:00;1,542
09.05.2024;13:30:00;13:45:00;1,517
09.05.2024;13:45:00;14:00:00;1,505
09.05.2024;14:00:00;14:15:00;1,472
09.05.2024;14:15:00;14:30:00;1,453
09.05.2024;14:30:00;14:45:00;1,398
09.05.2024;14:45:00;15:00:00;1,348
09.05.2024;15:00:00;15:15:00;1,328
09.05.2024;15:15:00;15:30:00;1,229
09.05.2024;15:30:00;15:45:00;1,172
09.05.2024;15:45:00;16:00:00;1,039
09.05.2024;16:00:00;16:15:00;0,943
09.05.2024;16:15:00;16:30:00;1,309
09.05.2024;16:30:00;16:45:00;1,251
09.05.2024;16:45:00;17:00:00;1,161
09.05.2024;17:00:00;17:15:00;1,034
09.05.2024;17:15:00;17:30:00;0,931
09.05.2024;17:30:00;17:45:00;0,628
09.05.2024;17:45:00;18:00:00;0,483
09.05.2024;18:00:00;18:15:00;0,378
09.05.2024;18:15:00;18:30:00;0,222
09.05.2024;18:30:00;18:45:00;0,122
09.05.2024;18:45:00;19:00:00;0,03
09.05.2024;19:00:00;19:15:00;0,014
09.05.2024;19:15:00;19:30:00;0
09.05.2024;19:30:00;19:45:00;0
09.05.2024;19:45:00;20:00:00;0
09.05.2024;20:00:00;20:15:00;0
09.05.2024;20:15:00;20:30:00;0
09.05.2024;20:30:00;20:45:00;0
09.05.2024;20:45:00;21:00:00;0
09.05.2024;21:00:00;21:15:00;0
09.05.2024;21:15:00;21:30:00;0
09.05.2024;21:30:00;21:45:00;0
09.05.2024;21:45:00;22:00:00;0
09.05.2024;22:00:00;22:15:00;0
09.05.2024;22:15:00;22:30:00;0
09.05.2024;22:30:00;22:45:00;0
09.05.2024;22:45:00;23:00:00;0
09.05.2024;23:00:00;23:15:00;0
09.05.2024;23:15:00;23:30:00;0
09.05.2024;23:30:00;23:45:00;0
09.05.2024;23:45:00;00:00:00;0
10.05.2024;00:00:00;00:15:00;0
10.05.2024;00:15:00;00:30:00;0
10.05.2024;00:30:00;00:45:00;0
10.05.2024;00:45:00;01:00:00;0
10.05.2024;01:00:00;01:15:00;0
10.05.2024;01:15:00;01:30:00;0
10.05.2024;01:30:00;01:45:00;0
10.05.2024;01:45:00;02:00:00;0
10.05.2024;02:00:00;02:15:00;0
10.05.2024;02:15:00;02:30:00;0
10.05.2024;02:30:00;02:45:00;0
10.05.2024;02:45:00;03:00:00;0
10.05.2024;03:00:00;03:15:00;0
10.05.2024;03:15:00;03:30:00;0
10.05.2024;03:30:00;03:45:00;0
10.05.2024;03:45:00;04:00:00;0
10.05.2024;04:00:00;04:15:00;0
10.05.2024;04:15:00;04:30:00;0
10.05.2024;04:30:00;04:45:00;0
10.05.2024;04:45:00;05:00:00;0
10.05.2024;05:00:00;05:15:00;0
10.05.2024;05:15:00;05:30:00;0
10.05.2024;05:30:00;05:45:00;0
10.05.2024;05:45:00;06:00:00;0
10.05.2024;06:00:00;06:15:00;0
10.05.2024;06:15:00;06:30:00;0
10.05.2024;06:30:00;06:45:00;0
10.05.2024;06:45:00;07:00:00;0
10.05.2024;07:00:00;07:15:00;0
10.05.2024;07:15:00;07:30:00;0,005
10.05.2024;07:30:00;07:45:00;0,002
10.05.2024;07:45:00;08:00:00;0,076
10.05.2024;08:00:00;08:15:00;0,123
10.05.2024;08:15:00;08:30:00;0,216
10.05.2024;08:30:00;08:45:00;0,303
10.05.2024;08:45:00;09:00:00;0,514
10.05.2024;09:00:00;09:15:00;0,699
10.05.2024;09:15:00;09:30:00;0,813
10.05.2024;09:30:00;09:45:00;0,926
10.05.2024;09:45:00;10:00:00;0,856
10.05.2024;10:00:00;10:15:00;0,784
10.05.2024;10:15:00;10:30:00;0,888
10.05.2024;10:30:00;10:45:00;0,966
10.05.2024;10:45:00;11:00:00;1,086
10.05.2024;11:00:00;11:15:00;1,034
10.05.2024;11:15:00;11:30:00;0,728
10.05.2024;11:30:00;11:45:00;1,056
10.05.2024;11:45:00;12:00:00;1,196
10.05.2024;12:00:00;12:15:00;1,482
10.05.2024;12:15:00;12:30:00;1,459
10.05.2024;12:30:00;12:45:00;1,536
10.05.2024;12:45:00;13:00:00;1,549
10.05.2024;13:00:00;13:15:00;1,12
10.05.2024;13:15:00;13:30:00;1,377
10.05.2024;13:30:00;13:45:00;1,377
10.05.2024;13:45:00;14:00:00;1,4
10.05.2024;14:00:00;14:15:00;1,364
10.05.2024;14:15:00;14:30:00;1,124
10.05.2024;14:30:00;14:45:00;1,062
10.05.2024;14:45:00;15:00:00;1,062
10.05.2024;15:00:00;15:15:00;1,248
10.05.2024;15:15:00;15:30:00;1,048
10.05.2024;15:30:00;15:45:00;0,803
10.05.2024;15:45:00;16:00:00;0,659
10.05.2024;16:00:00;16:15:00;0,51
10.05.2024;16:15:00;16:30:00;0,861
10.05.2024;16:30:00;16:45:00;0,671
10.05.2024;16:45:00;17:00:00;0,52
10.05.2024;17:00:00;17:15:00;0,232
10.05.2024;17:15:00;17:30:00;0,279
10.05.2024;17:30:00;17:45:00;0,325
10.05.2024;17:45:00;18:00:00;0,161
10.05.2024;18:00:00;18:15:00;0,081
10.05.2024;18:15:00;18:30:00;0,01
10.05.2024;18:30:00;18:45:00;0,011
10.05.2024;18:45:00;19:00:00;0,042
10.05.2024;19:00:00;19:15:00;0,046
10.05.2024;19:15:00;19:30:00;0
10.05.2024;19:30:00;19:45:00;0
10.05.2024;19:45:00;20:00:00;0
10.05.2024;20:00:00;20:15:00;0
10.05.2024;20:15:00;20:30:00;0
10.05.2024;20:30:00;20:45:00;0
10.05.2024;20:45:00;21:00:00;0
10.05.2024;21:00:00;21:15:00;0
10.05.2024;21:15:00;21:30:00;0
10.05.2024;21:30:00;21:45:00;0
10.05.2024;21:45:00;22:00:00;0
10.05.2024;22:00:00;22:15:00;0
10.05.2024;22:15:00;22:30:00;0
10.05.2024;22:30:00;22:45:00;0
10.05.2024;22:45:00;23:00:00;0
10.05.2024;23:00:00;23:15:00;0
10.05.2024;23:15:00;23:30:00;0
10.05.2024;23:30:00;23:45:00;0
10.05.2024;23:45:00;00:00:00;0
11.05.2024;00:00:00;00:15:00;0
11.05.2024;00:15:00;00:30:00;0
11.05.2024;00:30:00;00:45:00;0
11.05.2024;00:45:00;01:00:00;0
11.05.2024;01:00:00;01:15:00;0
11.05.2024;01:15:00;01:30:00;0
11.05.2024;01:30:00;01:45:00;0
11.05.2024;01:45:00;02:00:00;0
11.05.2024;02:00:00;02:15:00;0
11.05.2024;02:15:00;02:30:00;0
11.05.2024;02:30:00;02:45:00;0
11.05.2024;02:45:00;03:00:00;0
11.05.2024;03:00:00;03:15:00;0
11.05.2024;03:15:00;03:30:00;0
11.05.2024;03:30:00;03:45:00;0
11.05.2024;03:45:00;04:00:00;0
11.05.2024;04:00:00;04:15:00;0
11.05.2024;04:15:00;04:30:00;0
11.05.2024;04:30:00;04:45:00;0
11.05.2024;04:45:00;05:00:00;0
11.05.2024;05:00:00;05:15:00;0
11.05.2024;05:15:00;05:30:00;0
11.05.2024;05:30:00;05:45:00;0
11.05.2024;05:45:00;06:00:00;0
11.05.2024;06:00:00;06:15:00;0
11.05.2024;06:15:00;06:30:00;0
11.05.2024;06:30:00;06:45:00;0
11.05.2024;06:45:00;07:00:00;0
11.05.2024;07:00:00;07:15:00;0,005
11.05.2024;07:15:00;07:30:00;0,03
11.05.2024;07:30:00;07:45:00;0
11.05.2024;07:45:00;08:00:00;0,07
11.05.2024;08:00:00;08:15:00;0,144
11.05.2024;08:15:00;08:30:00;0,222
11.05.2024;08:30:00;08:45:00;0,28
11.05.2024;08:45:00;09:00:00;0,372
11.05.2024;09:00:00;09:15:00;0,643
11.05.2024;09:15:00;09:30:00;0,742
11.05.2024;09:30:00;09:45:00;0,74
11.05.2024;09:45:00;10:00:00;0,488
11.05.2024;10:00:00;10:15:00;0,403
11.05.2024;10:15:00;10:30:00;0,07
11.05.2024;10:30:00;10:45:00;0,126
11.05.2024;10:45:00;11:00:00;0,425
11.05.2024;11:00:00;11:15:00;0,729
11.05.2024;11:15:00;11:30:00;0,81
11.05.2024;11:30:00;11:45:00;0,597
11.05.2024;11:45:00;12:00:00;0,29
11.05.2024;12:00:00;12:15:00;0,203
11.05.2024;12:15:00;12:30:00;1,372
11.05.2024;12:30:00;12:45:00;1,311
11.05.2024;12:45:00;13:00:00;1,216
11.05.2024;13:00:00;13:15:00;1,178
11.05.2024;13:15:00;13:30:00;1,28
11.05.2024;13:30:00;13:45:00;1,136
11.05.2024;13:45:00;14:00:00;1,279
11.05.2024;14:00:00;14:15:00;1,258
11.05.2024;14:15:00;14:30:00;1,217
11.05.2024;14:30:00;14:45:00;0,974
11.05.2024;14:45:00;15:00:00;0,962
11.05.2024;15:00:00;15:15:00;1,119
11.05.2024;15:15:00;15:30:00;0,875
11.05.2024;15:30:00;15:45:00;1,002
11.05.2024;15:45:00;16:00:00;0,623
11.05.2024;16:00:00;16:15:00;0,961
11.05.2024;16:15:00;16:30:00;0,468
11.05.2024;16:30:00;16:45:00;0,243
11.05.2024;16:45:00;17:00:00;0,092
11.05.2024;17:00:00;17:15:00;0,324
11.05.2024;17:15:00;17:30:00;0,353
11.05.2024;17:30:00;17:45:00;0,486
11.05.2024;17:45:00;18:00:00;0,47
11.05.2024;18:00:00;18:15:00;0,392
11.05.2024;18:15:00;18:30:00;0,318
11.05.2024;18:30:00;18:45:00;0,015
11.05.2024;18:45:00;19:00:00;0,005
11.05.2024;19:00:00;19:15:00;0,003
11.05.2024;19:15:00;19:30:00;0
11.05.2024;19:30:00;19:45:00;0
11.05.2024;19:45:00;20:00:00;0
11.05.2024;20:00:00;20:15:00;0
11.05.2024;20:15:00;20:30:00;0
11.05.2024;20:30:00;20:45:00;0
11.05.2024;20:45:00;21:00:00;0
11.05.2024;21:00:00;21:15:00;0
11.05.2024;21:15:00;21:30:00;0
11.05.2024;21:30:00;21:45:00;0
11.05.2024;21:45:00;22:00:00;0
11.05.2024;22:00:00;22:15:00;0
11.05.2024;22:15:00;22:30:00;0
11.05.2024;22:30:00;22:45:00;0
11.05.2024;22:45:00;23:00:00;0
11.05.2024;23:00:00;23:15:00;0
11.05.2024;23:15:00;23:30:00;0
11.05.2024;23:30:00;23:45:00;0
11.05.2024;23:45:00;00:00:00;0
12.05.2024;00:00:00;00:15:00;0
12.05.2024;00:15:00;00:30:00;0
12.05.2024;00:30:00;00:45:00;0
12.05.2024;00:45:00;01:00:00;0
12.05.2024;01:00:00;01:15:00;0
12.05.2024;01:15:00;01:30:00;0
12.05.2024;01:30:00;01:45:00;0
12.05.2024;01:45:00;02:00:00;0
12.05.2024;02:00:00;02:15:00;0
12.05.2024;02:15:00;02:30:00;0
12.05.2024;02:30:00;02:45:00;0
12.05.2024;02:45:00;03:00:00;0
12.05.2024;03:00:00;03:15:00;0
12.05.2024;03:15:00;03:30:00;0
12.05.2024;03:30:00;03:45:00;0
12.05.2024;03:45:00;04:00:00;0
12.05.2024;04:00:00;04:15:00;0
12.05.2024;04:15:00;04:30:00;0
12.05.2024;04:30:00;04:45:00;0
12.05.2024;04:45:00;05:00:00;0
12.05.2024;05:00:00;05:15:00;0
12.05.2024;05:15:00;05:30:00;0
12.05.2024;05:30:00;05:45:00;0
12.05.2024;05:45:00;06:00:00;0
12.05.2024;06:00:00;06:15:00;0
12.05.2024;06:15:00;06:30:00;0
12.05.2024;06:30:00;06:45:00;0,001
12.05.2024;06:45:00;07:00:00;0,018
12.05.2024;07:00:00;07:15:00;0,053
12.05.2024;07:15:00;07:30:00;0,135
12.05.2024;07:30:00;07:45:00;0,176
12.05.2024;07:45:00;08:00:00;0,195
12.05.2024;08:00:00;08:15:00;0,006
12.05.2024;08:15:00;08:30:00;0,231
12.05.2024;08:30:00;08:45:00;0,316
12.05.2024;08:45:00;09:00:00;0,104
12.05.2024;09:00:00;09:15:00;0,348
12.05.2024;09:15:00;09:30:00;0,814
12.05.2024;09:30:00;09:45:00;0,845
12.05.2024;09:45:00;10:00:00;0,789
12.05.2024;10:00:00;10:15:00;0,426
12.05.2024;10:15:00;10:30:00;0,327
12.05.2024;10:30:00;10:45:00;0,724
12.05.2024;10:45:00;11:00:00;1,012
12.05.2024;11:00:00;11:15:00;0,923
12.05.2024;11:15:00;11:30:00;1,296
12.05.2024;11:30:00;11:45:00;1,369
12.05.2024;11:45:00;12:00:00;1,156
12.05.2024;12:00:00;12:15:00;0,029
12.05.2024;12:15:00;12:30:00;0
12.05.2024;12:30:00;12:45:00;0
12.05.2024;12:45:00;13:00:00;0
12.05.2024;13:00:00;13:15:00;0
12.05.2024;13:15:00;13:30:00;0
12.05.2024;13:30:00;13:45:00;0
12.05.2024;13:45:00;14:00:00;0
12.05.2024;14:00:00;14:15:00;0
12.05.2024;14:15:00;14:30:00;0
12.05.2024;14:30:00;14:45:00;0
12.05.2024;14:45:00;15:00:00;0,562
12.05.2024;15:00:00;15:15:00;1,095
12.05.2024;15:15:00;15:30:00;0,673
12.05.2024;15:30:00;15:45:00;1,099
12.05.2024;15:45:00;16:00:00;0,984
12.05.2024;16:00:00;16:15:00;0,852
12.05.2024;16:15:00;16:30:00;0,651
12.05.2024;16:30:00;16:45:00;1,185
12.05.2024;16:45:00;17:00:00;0,998
12.05.2024;17:00:00;17:15:00;0,517
12.05.2024;17:15:00;17:30:00;0,755
12.05.2024;17:30:00;17:45:00;0,465
12.05.2024;17:45:00;18:00:00;0,281
12.05.2024;18:00:00;18:15:00;0,077
12.05.2024;18:15:00;18:30:00;0,089
12.05.2024;18:30:00;18:45:00;0,101
12.05.2024;18:45:00;19:00:00;0,065
12.05.2024;19:00:00;19:15:00;0,006
12.05.2024;19:15:00;19:30:00;0
12.05.2024;19:30:00;19:45:00;0
12.05.2024;19:45:00;20:00:00;0
12.05.2024;20:00:00;20:15:00;0
12.05.2024;20:15:00;20:30:00;0
12.05.2024;20:30:00;20:45:00;0
12.05.2024;20:45:00;21:00:00;0
12.05.2024;21:00:00;21:15:00;0
12.05.2024;21:15:00;21:30:00;0
12.05.2024;21:30:00;21:45:00;0
12.05.2024;21:45:00;22:00:00;0
12.05.2024;22:00:00;22:15:00;0
12.05.2024;22:15:00;22:30:00;0
12.05.2024;22:30:00;22:45:00;0
12.05.2024;22:45:00;23:00:00;0
12.05.2024;23:00:00;23:15:00;0
12.05.2024;23:15:00;23:30:00;0
12.05.2024;23:30:00;23:45:00;0
12.05.2024;23:45:00;00:00:00;0
13.05.2024;00:00:00;00:15:00;0
13.05.2024;00:15:00;00:30:00;0
13.05.2024;00:30:00;00:45:00;0
13.05.2024;00:45:00;01:00:00;0
13.05.2024;01:00:00;01:15:00;0
13.05.2024;01:15:00;01:30:00;0
13.05.2024;01:30:00;01:45:00;0
13.05.2024;01:45:00;02:00:00;0
13.05.2024;02:00:00;02:15:00;0
13.05.2024;02:15:00;02:30:00;0
13.05.2024;02:30:00;02:45:00;0
13.05.2024;02:45:00;03:00:00;0
13.05.2024;03:00:00;03:15:00;0
13.05.2024;03:15:00;03:30:00;0
13.05.2024;03:30:00;03:45:00;0
13.05.2024;03:45:00;04:00:00;0
13.05.2024;04:00:00;04:15:00;0
13.05.2024;04:15:00;04:30:00;0
13.05.2024;04:30:00;04:45:00;0
13.05.2024;04:45:00;05:00:00;0
13.05.2024;05:00:00;05:15:00;0
13.05.2024;05:15:00;05:30:00;0
13.05.2024;05:30:00;05:45:00;0
13.05.2024;05:45:00;06:00:00;0
13.05.2024;06:00:00;06:15:00;0
13.05.2024;06:15:00;06:30:00;0
13.05.2024;06:30:00;06:45:00;0
13.05.2024;06:45:00;07:00:00;0,004
13.05.2024;07:00:00;07:15:00;0,05
13.05.2024;07:15:00;07:30:00;0,036
13.05.2024;07:30:00;07:45:00;0,066
13.05.2024;07:45:00;08:00:00;0,11
13.05.2024;08:00:00;08:15:00;0,175
13.05.2024;08:15:00;08:30:00;0,261
13.05.2024;08:30:00;08:45:00;0,238
13.05.2024;08:45:00;09:00:00;0,251
13.05.2024;09:00:00;09:15:00;0,026
13.05.2024;09:15:00;09:30:00;0
13.05.2024;09:30:00;09:45:00;0,002
13.05.2024;09:45:00;10:00:00;0
13.05.2024;10:00:00;10:15:00;0,012
13.05.2024;10:15:00;10:30:00;0,048
13.05.2024;10:30:00;10:45:00;0,012
13.05.2024;10:45:00;11:00:00;0,005
13.05.2024;11:00:00;11:15:00;0,109
13.05.2024;11:15:00;11:30:00;0,161
13.05.2024;11:30:00;11:45:00;0,542
13.05.2024;11:45:00;12:00:00;0,361
13.05.2024;12:00:00;12:15:00;0,368
13.05.2024;12:15:00;12:30:00;0,376
13.05.2024;12:30:00;12:45:00;0,679
13.05.2024;12:45:00;13:00:00;0,811
13.05.2024;13:00:00;13:15:00;0,793
13.05.2024;13:15:00;13:30:00;0,5
13.05.2024;13:30:00;13:45:00;0,58
13.05.2024;13:45:00;14:00:00;0,592
13.05.2024;14:00:00;14:15:00;0,556
13.05.2024;14:15:00;14:30:00;0,483
13.05.2024;14:30:00;14:45:00;0,547
13.05.2024;14:45:00;15:00:00;0,643
13.05.2024;15:00:00;15:15:00;0,558
13.05.2024;15:15:00;15:30:00;0,568
13.05.2024;15:30:00;15:45:00;0,934
13.05.2024;15:45:00;16:00:00;1,189
13.05.2024;16:00:00;16:15:00;0,948
13.05.2024;16:15:00;16:30:00;1,01
13.05.2024;16:30:00;16:45:00;1,2
13.05.2024;16:45:00;17:00:00;0,404
13.05.2024;17:00:00;17:15:00;0,577
13.05.2024;17:15:00;17:30:00;0,318
13.05.2024;17:30:00;17:45:00;0,504
13.05.2024;17:45:00;18:00:00;0,113
13.05.2024;18:00:00;18:15:00;0
13.05.2024;18:15:00;18:30:00;0,02
13.05.2024;18:30:00;18:45:00;0,138
13.05.2024;18:45:00;19:00:00;0,064
13.05.2024;19:00:00;19:15:00;0,013
13.05.2024;19:15:00;19:30:00;0
13.05.2024;19:30:00;19:45:00;0
13.05.2024;19:45:00;20:00:00;0
13.05.2024;20:00:00;20:15:00;0
13.05.2024;20:15:00;20:30:00;0
13.05.2024;20:30:00;20:45:00;0
13.05.2024;20:45:00;21:00:00;0
13.05.2024;21:00:00;21:15:00;0
13.05.2024;21:15:00;21:30:00;0
13.05.2024;21:30:00;21:45:00;0
13.05.2024;21:45:00;22:00:00;0
13.05.2024;22:00:00;22:15:00;0
13.05.2024;22:15:00;22:30:00;0
13.05.2024;22:30:00;22:45:00;0
13.05.2024;22:45:00;23:00:00;0
13.05.2024;23:00:00;23:15:00;0
13.05.2024;23:15:00;23:30:00;0
13.05.2024;23:30:00;23:45:00;0
13.05.2024;23:45:00;00:00:00;0
14.05.2024;00:00:00;00:15:00;0
14.05.2024;00:15:00;00:30:00;0
14.05.2024;00:30:00;00:45:00;0
14.05.2024;00:45:00;01:00:00;0
14.05.2024;01:00:00;01:15:00;0
14.05.2024;01:15:00;01:30:00;0
14.05.2024;01:30:00;01:45:00;0
14.05.2024;01:45:00;02:00:00;0
14.05.2024;02:00:00;02:15:00;0
14.05.2024;02:15:00;02:30:00;0
14.05.2024;02:30:00;02:45:00;0
14.05.2024;02:45:00;03:00:00;0
14.05.2024;03:00:00;03:15:00;0
14.05.2024;03:15:00;03:30:00;0
14.05.2024;03:30:00;03:45:00;0
14.05.2024;03:45:00;04:00:00;0
14.05.2024;04:00:00;04:15:00;0
14.05.2024;04:15:00;04:30:00;0
14.05.2024;04:30:00;04:45:00;0
14.05.2024;04:45:00;05:00:00;0
14.05.2024;05:00:00;05:15:00;0
14.05.2024;05:15:00;05:30:00;0
14.05.2024;05:30:00;05:45:00;0
14.05.2024;05:45:00;06:00:00;0
14.05.2024;06:00:00;06:15:00;0
14.05.2024;06:15:00;06:30:00;0
14.05.2024;06:30:00;06:45:00;0
14.05.2024;06:45:00;07:00:00;0
14.05.2024;07:00:00;07:15:00;0
14.05.2024;07:15:00;07:30:00;0
14.05.2024;07:30:00;07:45:00;0,017
14.05.2024;07:45:00;08:00:00;0,026
14.05.2024;08:00:00;08:15:00;0,098
14.05.2024;08:15:00;08:30:00;0,196
14.05.2024;08:30:00;08:45:00;0,347
14.05.2024;08:45:00;09:00:00;0,569
14.05.2024;09:00:00;09:15:00;0,598
14.05.2024;09:15:00;09:30:00;0,47
14.05.2024;09:30:00;09:45:00;0,504
14.05.2024;09:45:00;10:00:00;0,937
14.05.2024;10:00:00;10:15:00;0,782
14.05.2024;10:15:00;10:30:00;0,861
14.05.2024;10:30:00;10:45:00;0,36
14.05.2024;10:45:00;11:00:00;0,843
14.05.2024;11:00:00;11:15:00;1,171
14.05.2024;11:15:00;11:30:00;1,061
14.05.2024;11:30:00;11:45:00;0,895
14.05.2024;11:45:00;12:00:00;1,479
14.05.2024;12:00:00;12:15:00;1,386
14.05.2024;12:15:00;12:30:00;1,317
14.05.2024;12:30:00;12:45:00;1,234
14.05.2024;12:45:00;13:00:00;0,887
14.05.2024;13:00:00;13:15:00;1,238
14.05.2024;13:15:00;13:30:00;1,171
14.05.2024;13:30:00;13:45:00;1,495
14.05.2024;13:45:00;14:00:00;1,362
14.05.2024;14:00:00;14:15:00;0,829
14.05.2024;14:15:00;14:30:00;0,624
14.05.2024;14:30:00;14:45:00;0,845
14.05.2024;14:45:00;15:00:00;1,323
14.05.2024;15:00:00;15:15:00;1,256
14.05.2024;15:15:00;15:30:00;1,125
14.05.2024;15:30:00;15:45:00;0,827
14.05.2024;15:45:00;16:00:00;0,603
14.05.2024;16:00:00;16:15:00;0,765
14.05.2024;16:15:00;16:30:00;0,632
14.05.2024;16:30:00;16:45:00;0,734
14.05.2024;16:45:00;17:00:00;1,043
14.05.2024;17:00:00;17:15:00;0,963
14.05.2024;17:15:00;17:30:00;0,885
14.05.2024;17:30:00;17:45:00;0,722
14.05.2024;17:45:00;18:00:00;0,414
14.05.2024;18:00:00;18:15:00;0,44
14.05.2024;18:15:00;18:30:00;0,24
14.05.2024;18:30:00;18:45:00;0,166
14.05.2024;18:45:00;19:00:00;0,11
14.05.2024;19:00:00;19:15:00;0,027
14.05.2024;19:15:00;19:30:00;0
14.05.2024;19:30:00;19:45:00;0
14.05.2024;19:45:00;20:00:00;0
14.05.2024;20:00:00;20:15:00;0
14.05.2024;20:15:00;20:30:00;0
14.05.2024;20:30:00;20:45:00;0
14.05.2024;20:45:00;21:00:00;0
14.05.2024;21:00:00;21:15:00;0
14.05.2024;21:15:00;21:30:00;0
14.05.2024;21:30:00;21:45:00;0
14.05.2024;21:45:00;22:00:00;0
14.05.2024;22:00:00;22:15:00;0
14.05.2024;22:15:00;22:30:00;0
14.05.2024;22:30:00;22:45:00;0
14.05.2024;22:45:00;23:00:00;0
14.05.2024;23:00:00;23:15:00;0
14.05.2024;23:15:00;23:30:00;0
14.05.2024;23:30:00;23:45:00;0
14.05.2024;23:45:00;00:00:00;0
15.05.2024;00:00:00;00:15:00;0
15.05.2024;00:15:00;00:30:00;0
15.05.2024;00:30:00;00:45:00;0
15.05.2024;00:45:00;01:00:00;0
15.05.2024;01:00:00;01:15:00;0
15.05.2024;01:15:00;01:30:00;0
15.05.2024;01:30:00;01:45:00;0
15.05.2024;01:45:00;02:00:00;0
15.05.2024;02:00:00;02:15:00;0
15.05.2024;02:15:00;02:30:00;0
15.05.2024;02:30:00;02:45:00;0
15.05.2024;02:45:00;03:00:00;0
15.05.2024;03:00:00;03:15:00;0
15.05.2024;03:15:00;03:30:00;0
15.05.2024;03:30:00;03:45:00;0
15.05.2024;03:45:00;04:00:00;0
15.05.2024;04:00:00;04:15:00;0
15.05.2024;04:15:00;04:30:00;0
15.05.2024;04:30:00;04:45:00;0
15.05.2024;04:45:00;05:00:00;0
15.05.2024;05:00:00;05:15:00;0
15.05.2024;05:15:00;05:30:00;0
15.05.2024;05:30:00;05:45:00;0
15.05.2024;05:45:00;06:00:00;0
15.05.2024;06:00:00;06:15:00;0
15.05.2024;06:15:00;06:30:00;0
15.05.2024;06:30:00;06:45:00;0
15.05.2024;06:45:00;07:00:00;0
15.05.2024;07:00:00;07:15:00;0,002
15.05.2024;07:15:00;07:30:00;0
15.05.2024;07:30:00;07:45:00;0,017
15.05.2024;07:45:00;08:00:00;0,066
15.05.2024;08:00:00;08:15:00;0,15
15.05.2024;08:15:00;08:30:00;0,161
15.05.2024;08:30:00;08:45:00;0,383
15.05.2024;08:45:00;09:00:00;0,584
15.05.2024;09:00:00;09:15:00;0,253
15.05.2024;09:15:00;09:30:00;0,673
15.05.2024;09:30:00;09:45:00;0,839
15.05.2024;09:45:00;10:00:00;0,787
15.05.2024;10:00:00;10:15:00;0,822
15.05.2024;10:15:00;10:30:00;0,893
15.05.2024;10:30:00;10:45:00;1,022
15.05.2024;10:45:00;11:00:00;1,08
15.05.2024;11:00:00;11:15:00;1,179
15.05.2024;11:15:00;11:30:00;1,227
15.05.2024;11:30:00;11:45:00;1,303
15.05.2024;11:45:00;12:00:00;1,345
15.05.2024;12:00:00;12:15:00;1,195
15.05.2024;12:15:00;12:30:00;1,34
15.05.2024;12:30:00;12:45:00;1,559
15.05.2024;12:45:00;13:00:00;1,357
15.05.2024;13:00:00;13:15:00;1,608
15.05.2024;13:15:00;13:30:00;0,854
15.05.2024;13:30:00;13:45:00;1,427
15.05.2024;13:45:00;14:00:00;1,346
15.05.2024;14:00:00;14:15:00;1,332
15.05.2024;14:15:00;14:30:00;0,973
15.05.2024;14:30:00;14:45:00;1,572
15.05.2024;14:45:00;15:00:00;1,309
15.05.2024;15:00:00;15:15:00;1,35
15.05.2024;15:15:00;15:30:00;0,676
15.05.2024;15:30:00;15:45:00;1,087
15.05.2024;15:45:00;16:00:00;1,083
15.05.2024;16:00:00;16:15:00;1,113
15.05.2024;16:15:00;16:30:00;0,883
15.05.2024;16:30:00;16:45:00;0,741
15.05.2024;16:45:00;17:00:00;0,829
15.05.2024;17:00:00;17:15:00;0,977
15.05.2024;17:15:00;17:30:00;0,82
15.05.2024;17:30:00;17:45:00;0,21
15.05.2024;17:45:00;18:00:00;0,431
15.05.2024;18:00:00;18:15:00;0,342
15.05.2024;18:15:00;18:30:00;0,214
15.05.2024;18:30:00;18:45:00;0,293
15.05.2024;18:45:00;19:00:00;0,185
15.05.2024;19:00:00;19:15:00;0,024
15.05.2024;19:15:00;19:30:00;0
15.05.2024;19:30:00;19:45:00;0
15.05.2024;19:45:00;20:00:00;0
15.05.2024;20:00:00;20:15:00;0
15.05.2024;20:15:00;20:30:00;0
15.05.2024;20:30:00;20:45:00;0
15.05.2024;20:45:00;21:00:00;0
15.05.2024;21:00:00;21:15:00;0
15.05.2024;21:15:00;21:30:00;0
15.05.2024;21:30:00;21:45:00;0
15.05.2024;21:45:00;22:00:00;0
15.05.2024;22:00:00;22:15:00;0
15.05.2024;22:15:00;22:30:00;0
15.05.2024;22:30:00;22:45:00;0
15.05.2024;22:45:00;23:00:00;0
15.05.2024;23:00:00;23:15:00;0
15.05.2024;23:15:00;23:30:00;0
15.05.2024;23:30:00;23:45:00;0
15.05.2024;23:45:00;00:00:00;0
16.05.2024;00:00:00;00:15:00;0
16.05.2024;00:15:00;00:30:00;0
16.05.2024;00:30:00;00:45:00;0
16.05.2024;00:45:00;01:00:00;0
16.05.2024;01:00:00;01:15:00;0
16.05.2024;01:15:00;01:30:00;0
16.05.2024;01:30:00;01:45:00;0
16.05.2024;01:45:00;02:00:00;0
16.05.2024;02:00:00;02:15:00;0
16.05.2024;02:15:00;02:30:00;0
16.05.2024;02:30:00;02:45:00;0
16.05.2024;02:45:00;03:00:00;0
16.05.2024;03:00:00;03:15:00;0
16.05.2024;03:15:00;03:30:00;0
16.05.2024;03:30:00;03:45:00;0
16.05.2024;03:45:00;04:00:00;0
16.05.2024;04:00:00;04:15:00;0
16.05.2024;04:15:00;04:30:00;0
16.05.2024;04:30:00;04:45:00;0
16.05.2024;04:45:00;05:00:00;0
16.05.2024;05:00:00;05:15:00;0
16.05.2024;05:15:00;05:30:00;0
16.05.2024;05:30:00;05:45:00;0
16.05.2024;05:45:00;06:00:00;0
16.05.2024;06:00:00;06:15:00;0
16.05.2024;06:15:00;06:30:00;0
16.05.2024;06:30:00;06:45:00;0
16.05.2024;06:45:00;07:00:00;0
16.05.2024;07:00:00;07:15:00;0,08
16.05.2024;07:15:00;07:30:00;0,095
16.05.2024;07:30:00;07:45:00;0,112
16.05.2024;07:45:00;08:00:00;0,181
16.05.2024;08:00:00;08:15:00;0,195
16.05.2024;08:15:00;08:30:00;0,298
16.05.2024;08:30:00;08:45:00;0,365
16.05.2024;08:45:00;09:00:00;0,473
16.05.2024;09:00:00;09:15:00;0,478
16.05.2024;09:15:00;09:30:00;0,443
16.05.2024;09:30:00;09:45:00;0,423
16.05.2024;09:45:00;10:00:00;0,546
16.05.2024;10:00:00;10:15:00;0,67
16.05.2024;10:15:00;10:30:00;0,675
16.05.2024;10:30:00;10:45:00;0,582
16.05.2024;10:45:00;11:00:00;0,957
16.05.2024;11:00:00;11:15:00;1,184
16.05.2024;11:15:00;11:30:00;1,136
16.05.2024;11:30:00;11:45:00;1,079
16.05.2024;11:45:00;12:00:00;1,177
16.05.2024;12:00:00;12:15:00;0,765
16.05.2024;12:15:00;12:30:00;0,462
16.05.2024;12:30:00;12:45:00;0,393
16.05.2024;12:45:00;13:00:00;0,4
16.05.2024;13:00:00;13:15:00;0,292
16.05.2024;13:15:00;13:30:00;0,195
16.05.2024;13:30:00;13:45:00;0,149
16.05.2024;13:45:00;14:00:00;0,117
16.05.2024;14:00:00;14:15:00;0,325
16.05.2024;14:15:00;14:30:00;0,573
16.05.2024;14:30:00;14:45:00;0,311
16.05.2024;14:45:00;15:00:00;0,088
16.05.2024;15:00:00;15:15:00;0,112
16.05.2024;15:15:00;15:30:00;0,169
16.05.2024;15:30:00;15:45:00;0,132
16.05.2024;15:45:00;16:00:00;0,136
16.05.2024;16:00:00;16:15:00;0,093
16.05.2024;16:15:00;16:30:00;0,002
16.05.2024;16:30:00;16:45:00;0
16.05.2024;16:45:00;17:00:00;0,004
16.05.2024;17:00:00;17:15:00;0
16.05.2024;17:15:00;17:30:00;0
16.05.2024;17:30:00;17:45:00;0
16.05.2024;17:45:00;18:00:00;0
16.05.2024;18:00:00;18:15:00;0
16.05.2024;18:15:00;18:30:00;0
16.05.2024;18:30:00;18:45:00;0
16.05.2024;18:45:00;19:00:00;0
16.05.2024;19:00:00;19:15:00;0
16.05.2024;19:15:00;19:30:00;0
16.05.2024;19:30:00;19:45:00;0
16.05.2024;19:45:00;20:00:00;0
16.05.2024;20:00:00;20:15:00;0
16.05.2024;20:15:00;20:30:00;0
16.05.2024;20:30:00;20:45:00;0
16.05.2024;20:45:00;21:00:00;0
16.05.2024;21:00:00;21:15:00;0
16.05.2024;21:15:00;21:30:00;0
16.05.2024;21:30:00;21:45:00;0
16.05.2024;21:45:00;22:00:00;0
16.05.2024;22:00:00;22:15:00;0
16.05.2024;22:15:00;22:30:00;0
16.05.2024;22:30:00;22:45:00;0
16.05.2024;22:45:00;23:00:00;0
16.05.2024;23:00:00;23:15:00;0
16.05.2024;23:15:00;23:30:00;0
16.05.2024;23:30:00;23:45:00;0
16.05.2024;23:45:00;00:00:00;0
17.05.2024;00:00:00;00:15:00;0
17.05.2024;00:15:00;00:30:00;0
17.05.2024;00:30:00;00:45:00;0
17.05.2024;00:45:00;01:00:00;0
17.05.2024;01:00:00;01:15:00;0
17.05.2024;01:15:00;01:30:00;0
17.05.2024;01:30:00;01:45:00;0
17.05.2024;01:45:00;02:00:00;0
17.05.2024;02:00:00;02:15:00;0
17.05.2024;02:15:00;02:30:00;0
17.05.2024;02:30:00;02:45:00;0
17.05.2024;02:45:00;03:00:00;0
17.05.2024;03:00:00;03:15:00;0
17.05.2024;03:15:00;03:30:00;0
17.05.2024;03:30:00;03:45:00;0
17.05.2024;03:45:00;04:00:00;0
17.05.2024;04:00:00;04:15:00;0
17.05.2024;04:15:00;04:30:00;0
17.05.2024;04:30:00;04:45:00;0
17.05.2024;04:45:00;05:00:00;0
17.05.2024;05:00:00;05:15:00;0
17.05.2024;05:15:00;05:30:00;0
17.05.2024;05:30:00;05:45:00;0
17.05.2024;05:45:00;06:00:00;0
17.05.2024;06:00:00;06:15:00;0
17.05.2024;06:15:00;06:30:00;0
17.05.2024;06:30:00;06:45:00;0
17.05.2024;06:45:00;07:00:00;0
17.05.2024;07:00:00;07:15:00;0
17.05.2024;07:15:00;07:30:00;0
17.05.2024;07:30:00;07:45:00;0
17.05.2024;07:45:00;08:00:00;0
17.05.2024;08:00:00;08:15:00;0
17.05.2024;08:15:00;08:30:00;0
17.05.2024;08:30:00;08:45:00;0
17.05.2024;08:45:00;09:00:00;0
17.05.2024;09:00:00;09:15:00;0
17.05.2024;09:15:00;09:30:00;0,004
17.05.2024;09:30:00;09:45:00;0,06
17.05.2024;09:45:00;10:00:00;0
17.05.2024;10:00:00;10:15:00;0,002
17.05.2024;10:15:00;10:30:00;0
17.05.2024;10:30:00;10:45:00;0
17.05.2024;10:45:00;11:00:00;0,02
17.05.2024;11:00:00;11:15:00;0
17.05.2024;11:15:00;11:30:00;0,007
17.05.2024;11:30:00;11:45:00;0,106
17.05.2024;11:45:00;12:00:00;0,076
17.05.2024;12:00:00;12:15:00;0,038
17.05.2024;12:15:00;12:30:00;0,009
17.05.2024;12:30:00;12:45:00;0,005
17.05.2024;12:45:00;13:00:00;0,003
17.05.2024;13:00:00;13:15:00;0
17.05.2024;13:15:00;13:30:00;0
17.05.2024;13:30:00;13:45:00;0,025
17.05.2024;13:45:00;14:00:00;0,062
17.05.2024;14:00:00;14:15:00;0,076
17.05.2024;14:15:00;14:30:00;0,165
17.05.2024;14:30:00;14:45:00;0,006
17.05.2024;14:45:00;15:00:00;0,003
17.05.2024;15:00:00;15:15:00;0
17.05.2024;15:15:00;15:30:00;0,002
17.05.2024;15:30:00;15:45:00;0,066
17.05.2024;15:45:00;16:00:00;0,099
17.05.2024;16:00:00;16:15:00;0
17.05.2024;16:15:00;16:30:00;0,007
17.05.2024;16:30:00;16:45:00;0
17.05.2024;16:45:00;17:00:00;0
17.05.2024;17:00:00;17:15:00;0
17.05.2024;17:15:00;17:30:00;0,053
17.05.2024;17:30:00;17:45:00;0
17.05.2024;17:45:00;18:00:00;0
17.05.2024;18:00:00;18:15:00;0
17.05.2024;18:15:00;18:30:00;0,056
17.05.2024;18:30:00;18:45:00;0,05
17.05.2024;18:45:00;19:00:00;0
17.05.2024;19:00:00;19:15:00;0
17.05.2024;19:15:00;19:30:00;0
17.05.2024;19:30:00;19:45:00;0
17.05.2024;19:45:00;20:00:00;0
17.05.2024;20:00:00;20:15:00;0
17.05.2024;20:15:00;20:30:00;0
17.05.2024;20:30:00;20:45:00;0
17.05.2024;20:45:00;21:00:00;0
17.05.2024;21:00:00;21:15:00;0
17.05.2024;21:15:00;21:30:00;0
17.05.2024;21:30:00;21:45:00;0
17.05.2024;21:45:00;22:00:00;0
17.05.2024;22:00:00;22:15:00;0
17.05.2024;22:15:00;22:30:00;0
17.05.2024;22:30:00;22:45:00;0
17.05.2024;22:45:00;23:00:00;0
17.05.2024;23:00:00;23:15:00;0
17.05.2024;23:15:00;23:30:00;0
17.05.2024;23:30:00;23:45:00;0
17.05.2024;23:45:00;00:00:00;0
18.05.2024;00:00:00;00:15:00;0
18.05.2024;00:15:00;00:30:00;0
18.05.2024;00:30:00;00:45:00;0
18.05.2024;00:45:00;01:00:00;0
18.05.2024;01:00:00;01:15:00;0
18.05.2024;01:15:00;01:30:00;0
18.05.2024;01:30:00;01:45:00;0
18.05.2024;01:45:00;02:00:00;0
18.05.2024;02:00:00;02:15:00;0
18.05.2024;02:15:00;02:30:00;0
18.05.2024;02:30:00;02:45:00;0
18.05.2024;02:45:00;03:00:00;0
18.05.2024;03:00:00;03:15:00;0
18.05.2024;03:15:00;03:30:00;0
18.05.2024;03:30:00;03:45:00;0
18.05.2024;03:45:00;04:00:00;0
18.05.2024;04:00:00;04:15:00;0
18.05.2024;04:15:00;04:30:00;0
18.05.2024;04:30:00;04:45:00;0
18.05.2024;04:45:00;05:00:00;0
18.05.2024;05:00:00;05:15:00;0
18.05.2024;05:15:00;05:30:00;0
18.05.2024;05:30:00;05:45:00;0
18.05.2024;05:45:00;06:00:00;0
18.05.2024;06:00:00;06:15:00;0
18.05.2024;06:15:00;06:30:00;0
18.05.2024;06:30:00;06:45:00;0
18.05.2024;06:45:00;07:00:00;0
18.05.2024;07:00:00;07:15:00;0
18.05.2024;07:15:00;07:30:00;0
18.05.2024;07:30:00;07:45:00;0
18.05.2024;07:45:00;08:00:00;0,052
18.05.2024;08:00:00;08:15:00;0,154
18.05.2024;08:15:00;08:30:00;0,303
18.05.2024;08:30:00;08:45:00;0,254
18.05.2024;08:45:00;09:00:00;0,137
18.05.2024;09:00:00;09:15:00;0,077
18.05.2024;09:15:00;09:30:00;0,122
18.05.2024;09:30:00;09:45:00;0,134
18.05.2024;09:45:00;10:00:00;0,439
18.05.2024;10:00:00;10:15:00;0,266
18.05.2024;10:15:00;10:30:00;0
18.05.2024;10:30:00;10:45:00;0
18.05.2024;10:45:00;11:00:00;0
18.05.2024;11:00:00;11:15:00;0
18.05.2024;11:15:00;11:30:00;0
18.05.2024;11:30:00;11:45:00;0
18.05.2024;11:45:00;12:00:00;0
18.05.2024;12:00:00;12:15:00;0
18.05.2024;12:15:00;12:30:00;0
18.05.2024;12:30:00;12:45:00;0
18.05.2024;12:45:00;13:00:00;0,049
18.05.2024;13:00:00;13:15:00;0,837
18.05.2024;13:15:00;13:30:00;1,113
18.05.2024;13:30:00;13:45:00;0,727
18.05.2024;13:45:00;14:00:00;1,215
18.05.2024;14:00:00;14:15:00;1,598
18.05.2024;14:15:00;14:30:00;1,614
18.05.2024;14:30:00;14:45:00;1,614
18.05.2024;14:45:00;15:00:00;0,86
18.05.2024;15:00:00;15:15:00;0,956
18.05.2024;15:15:00;15:30:00;1,239
18.05.2024;15:30:00;15:45:00;0,379
18.05.2024;15:45:00;16:00:00;0,969
18.05.2024;16:00:00;16:15:00;0,544
18.05.2024;16:15:00;16:30:00;0,477
18.05.2024;16:30:00;16:45:00;0,407
18.05.2024;16:45:00;17:00:00;0,33
18.05.2024;17:00:00;17:15:00;0,401
18.05.2024;17:15:00;17:30:00;0,747
18.05.2024;17:30:00;17:45:00;0,596
18.05.2024;17:45:00;18:00:00;0,63
18.05.2024;18:00:00;18:15:00;0,508
18.05.2024;18:15:00;18:30:00;0,102
18.05.2024;18:30:00;18:45:00;0,007
18.05.2024;18:45:00;19:00:00;0,04
18.05.2024;19:00:00;19:15:00;0,014
18.05.2024;19:15:00;19:30:00;0
18.05.2024;19:30:00;19:45:00;0
18.05.2024;19:45:00;20:00:00;0
18.05.2024;20:00:00;20:15:00;0
18.05.2024;20:15:00;20:30:00;0
18.05.2024;20:30:00;20:45:00;0
18.05.2024;20:45:00;21:00:00;0
18.05.2024;21:00:00;21:15:00;0
18.05.2024;21:15:00;21:30:00;0
18.05.2024;21:30:00;21:45:00;0
18.05.2024;21:45:00;22:00:00;0
18.05.2024;22:00:00;22:15:00;0
18.05.2024;22:15:00;22:30:00;0
18.05.2024;22:30:00;22:45:00;0
18.05.2024;22:45:00;23:00:00;0
18.05.2024;23:00:00;23:15:00;0
18.05.2024;23:15:00;23:30:00;0
18.05.2024;23:30:00;23:45:00;0
18.05.2024;23:45:00;00:00:00;0
19.05.2024;00:00:00;00:15:00;0
19.05.2024;00:15:00;00:30:00;0
19.05.2024;00:30:00;00:45:00;0
19.05.2024;00:45:00;01:00:00;0
19.05.2024;01:00:00;01:15:00;0
19.05.2024;01:15:00;01:30:00;0
19.05.2024;01:30:00;01:45:00;0
19.05.2024;01:45:00;02:00:00;0
19.05.2024;02:00:00;02:15:00;0
19.05.2024;02:15:00;02:30:00;0
19.05.2024;02:30:00;02:45:00;0
19.05.2024;02:45:00;03:00:00;0
19.05.2024;03:00:00;03:15:00;0
19.05.2024;03:15:00;03:30:00;0
19.05.2024;03:30:00;03:45:00;0
19.05.2024;03:45:00;04:00:00;0
19.05.2024;04:00:00;04:15:00;0
19.05.2024;04:15:00;04:30:00;0
19.05.2024;04:30:00;04:45:00;0
19.05.2024;04:45:00;05:00:00;0
19.05.2024;05:00:00;05:15:00;0
19.05.2024;05:15:00;05:30:00;0
19.05.2024;05:30:00;05:45:00;0
19.05.2024;05:45:00;06:00:00;0
19.05.2024;06:00:00;06:15:00;0
19.05.2024;06:15:00;06:30:00;0
19.05.2024;06:30:00;06:45:00;0
19.05.2024;06:45:00;07:00:00;0
19.05.2024;07:00:00;07:15:00;0
19.05.2024;07:15:00;07:30:00;0,016
19.05.2024;07:30:00;07:45:00;0,002
19.05.2024;07:45:00;08:00:00;0,08
19.05.2024;08:00:00;08:15:00;0,117
19.05.2024;08:15:00;08:30:00;0,224
19.05.2024;08:30:00;08:45:00;0,302
19.05.2024;08:45:00;09:00:00;0,378
19.05.2024;09:00:00;09:15:00;0,611
19.05.2024;09:15:00;09:30:00;0,539
19.05.2024;09:30:00;09:45:00;0,496
19.05.2024;09:45:00;10:00:00;0,742
19.05.2024;10:00:00;10:15:00;0,658
19.05.2024;10:15:00;10:30:00;0,837
19.05.2024;10:30:00;10:45:00;1,025
19.05.2024;10:45:00;11:00:00;0,92
19.05.2024;11:00:00;11:15:00;0,714
19.05.2024;11:15:00;11:30:00;0,678
19.05.2024;11:30:00;11:45:00;1,188
19.05.2024;11:45:00;12:00:00;0,341
19.05.2024;12:00:00;12:15:00;0,947
19.05.2024;12:15:00;12:30:00;1,288
19.05.2024;12:30:00;12:45:00;1,34
19.05.2024;12:45:00;13:00:00;1,485
19.05.2024;13:00:00;13:15:00;1,528
19.05.2024;13:15:00;13:30:00;0,908
19.05.2024;13:30:00;13:45:00;1,132
19.05.2024;13:45:00;14:00:00;1,503
19.05.2024;14:00:00;14:15:00;1,065
19.05.2024;14:15:00;14:30:00;1,279
19.05.2024;14:30:00;14:45:00;1,333
19.05.2024;14:45:00;15:00:00;1,325
19.05.2024;15:00:00;15:15:00;1,244
19.05.2024;15:15:00;15:30:00;0,513
19.05.2024;15:30:00;15:45:00;1,02
19.05.2024;15:45:00;16:00:00;0,686
19.05.2024;16:00:00;16:15:00;0,701
19.05.2024;16:15:00;16:30:00;1,2
19.05.2024;16:30:00;16:45:00;1,161
19.05.2024;16:45:00;17:00:00;1,046
19.05.2024;17:00:00;17:15:00;1,001
19.05.2024;17:15:00;17:30:00;0,921
19.05.2024;17:30:00;17:45:00;0,733
19.05.2024;17:45:00;18:00:00;0,527
19.05.2024;18:00:00;18:15:00;0,49
19.05.2024;18:15:00;18:30:00;0,27
19.05.2024;18:30:00;18:45:00;0,037
19.05.2024;18:45:00;19:00:00;0,086
19.05.2024;19:00:00;19:15:00;0,033
19.05.2024;19:15:00;19:30:00;0,001
19.05.2024;19:30:00;19:45:00;0
19.05.2024;19:45:00;20:00:00;0
19.05.2024;20:00:00;20:15:00;0
19.05.2024;20:15:00;20:30:00;0
19.05.2024;20:30:00;20:45:00;0
19.05.2024;20:45:00;21:00:00;0
19.05.2024;21:00:00;21:15:00;0
19.05.2024;21:15:00;21:30:00;0
19.05.2024;21:30:00;21:45:00;0
19.05.2024;21:45:00;22:00:00;0
19.05.2024;22:00:00;22:15:00;0
19.05.2024;22:15:00;22:30:00;0
19.05.2024;22:30:00;22:45:00;0
19.05.2024;22:45:00;23:00:00;0
19.05.2024;23:00:00;23:15:00;0
19.05.2024;23:15:00;23:30:00;0
19.05.2024;23:30:00;23:45:00;0
19.05.2024;23:45:00;00:00:00;0
20.05.2024;00:00:00;00:15:00;0
20.05.2024;00:15:00;00:30:00;0
20.05.2024;00:30:00;00:45:00;0
20.05.2024;00:45:00;01:00:00;0
20.05.2024;01:00:00;01:15:00;0
20.05.2024;01:15:00;01:30:00;0
20.05.2024;01:30:00;01:45:00;0
20.05.2024;01:45:00;02:00:00;0
20.05.2024;02:00:00;02:15:00;0
20.05.2024;02:15:00;02:30:00;0
20.05.2024;02:30:00;02:45:00;0
20.05.2024;02:45:00;03:00:00;0
20.05.2024;03:00:00;03:15:00;0
20.05.2024;03:15:00;03:30:00;0
20.05.2024;03:30:00;03:45:00;0
20.05.2024;03:45:00;04:00:00;0
20.05.2024;04:00:00;04:15:00;0
20.05.2024;04:15:00;04:30:00;0
20.05.2024;04:30:00;04:45:00;0
20.05.2024;04:45:00;05:00:00;0
20.05.2024;05:00:00;05:15:00;0
20.05.2024;05:15:00;05:30:00;0
20.05.2024;05:30:00;05:45:00;0
20.05.2024;05:45:00;06:00:00;0
20.05.2024;06:00:00;06:15:00;0
20.05.2024;06:15:00;06:30:00;0
20.05.2024;06:30:00;06:45:00;0
20.05.2024;06:45:00;07:00:00;0,002
20.05.2024;07:00:00;07:15:00;0,013
20.05.2024;07:15:00;07:30:00;0,098
20.05.2024;07:30:00;07:45:00;0,115
20.05.2024;07:45:00;08:00:00;0,111
20.05.2024;08:00:00;08:15:00;0,181
20.05.2024;08:15:00;08:30:00;0,234
20.05.2024;08:30:00;08:45:00;0,41
20.05.2024;08:45:00;09:00:00;0,575
20.05.2024;09:00:00;09:15:00;0,682
20.05.2024;09:15:00;09:30:00;0,653
20.05.2024;09:30:00;09:45:00;0,716
20.05.2024;09:45:00;10:00:00;0,861
20.05.2024;10:00:00;10:15:00;0,86
20.05.2024;10:15:00;10:30:00;0,828
20.05.2024;10:30:00;10:45:00;0,9
20.05.2024;10:45:00;11:00:00;1,06
20.05.2024;11:00:00;11:15:00;1,178
20.05.2024;11:15:00;11:30:00;1,216
20.05.2024;11:30:00;11:45:00;1,154
20.05.2024;11:45:00;12:00:00;0,822
20.05.2024;12:00:00;12:15:00;0,782
20.05.2024;12:15:00;12:30:00;0,904
20.05.2024;12:30:00;12:45:00;1,267
20.05.2024;12:45:00;13:00:00;1,149
20.05.2024;13:00:00;13:15:00;1,368
20.05.2024;13:15:00;13:30:00;1,342
20.05.2024;13:30:00;13:45:00;1,388
20.05.2024;13:45:00;14:00:00;1,398
20.05.2024;14:00:00;14:15:00;1,276
20.05.2024;14:15:00;14:30:00;1,173
20.05.2024;14:30:00;14:45:00;0,647
20.05.2024;14:45:00;15:00:00;0,485
20.05.2024;15:00:00;15:15:00;0,397
20.05.2024;15:15:00;15:30:00;0,449
20.05.2024;15:30:00;15:45:00;0,813
20.05.2024;15:45:00;16:00:00;0,725
20.05.2024;16:00:00;16:15:00;0,193
20.05.2024;16:15:00;16:30:00;1,071
20.05.2024;16:30:00;16:45:00;0,14
20.05.2024;16:45:00;17:00:00;0,001
20.05.2024;17:00:00;17:15:00;0,563
20.05.2024;17:15:00;17:30:00;0,509
20.05.2024;17:30:00;17:45:00;0,264
20.05.2024;17:45:00;18:00:00;0,49
20.05.2024;18:00:00;18:15:00;0,115
20.05.2024;18:15:00;18:30:00;0,057
20.05.2024;18:30:00;18:45:00;0,06
20.05.2024;18:45:00;19:00:00;0,037
20.05.2024;19:00:00;19:15:00;0,027
20.05.2024;19:15:00;19:30:00;0
20.05.2024;19:30:00;19:45:00;0
20.05.2024;19:45:00;20:00:00;0
20.05.2024;20:00:00;20:15:00;0
20.05.2024;20:15:00;20:30:00;0
20.05.2024;20:30:00;20:45:00;0
20.05.2024;20:45:00;21:00:00;0
20.05.2024;21:00:00;21:15:00;0
20.05.2024;21:15:00;21:30:00;0
20.05.2024;21:30:00;21:45:00;0
20.05.2024;21:45:00;22:00:00;0
20.05.2024;22:00:00;22:15:00;0
20.05.2024;22:15:00;22:30:00;0
20.05.2024;22:30:00;22:45:00;0
20.05.2024;22:45:00;23:00:00;0
20.05.2024;23:00:00;23:15:00;0
20.05.2024;23:15:00;23:30:00;0
20.05.2024;23:30:00;23:45:00;0
20.05.2024;23:45:00;00:00:00;0
21.05.2024;00:00:00;00:15:00;0
21.05.2024;00:15:00;00:30:00;0
21.05.2024;00:30:00;00:45:00;0
21.05.2024;00:45:00;01:00:00;0
21.05.2024;01:00:00;01:15:00;0
21.05.2024;01:15:00;01:30:00;0
21.05.2024;01:30:00;01:45:00;0
21.05.2024;01:45:00;02:00:00;0
21.05.2024;02:00:00;02:15:00;0
21.05.2024;02:15:00;02:30:00;0
21.05.2024;02:30:00;02:45:00;0
21.05.2024;02:45:00;03:00:00;0
21.05.2024;03:00:00;03:15:00;0
21.05.2024;03:15:00;03:30:00;0
21.05.2024;03:30:00;03:45:00;0
21.05.2024;03:45:00;04:00:00;0
21.05.2024;04:00:00;04:15:00;0
21.05.2024;04:15:00;04:30:00;0
21.05.2024;04:30:00;04:45:00;0
21.05.2024;04:45:00;05:00:00;0
21.05.2024;05:00:00;05:15:00;0
21.05.2024;05:15:00;05:30:00;0
21.05.2024;05:30:00;05:45:00;0
21.05.2024;05:45:00;06:00:00;0
21.05.2024;06:00:00;06:15:00;0
21.05.2024;06:15:00;06:30:00;0
21.05.2024;06:30:00;06:45:00;0
21.05.2024;06:45:00;07:00:00;0
21.05.2024;07:00:00;07:15:00;0
21.05.2024;07:15:00;07:30:00;0
21.05.2024;07:30:00;07:45:00;0,027
21.05.2024;07:45:00;08:00:00;0,043
21.05.2024;08:00:00;08:15:00;0,224
21.05.2024;08:15:00;08:30:00;0,062
21.05.2024;08:30:00;08:45:00;0,045
21.05.2024;08:45:00;09:00:00;0,045
21.05.2024;09:00:00;09:15:00;0,026
21.05.2024;09:15:00;09:30:00;0,036
21.05.2024;09:30:00;09:45:00;0,086
21.05.2024;09:45:00;10:00:00;0,037
21.05.2024;10:00:00;10:15:00;0,153
21.05.2024;10:15:00;10:30:00;0,082
21.05.2024;10:30:00;10:45:00;0,05
21.05.2024;10:45:00;11:00:00;0,023
21.05.2024;11:00:00;11:15:00;0,009
21.05.2024;11:15:00;11:30:00;0
21.05.2024;11:30:00;11:45:00;0
21.05.2024;11:45:00;12:00:00;0
21.05.2024;12:00:00;12:15:00;0
21.05.2024;12:15:00;12:30:00;0
21.05.2024;12:30:00;12:45:00;0
21.05.2024;12:45:00;13:00:00;0
21.05.2024;13:00:00;13:15:00;0,038
21.05.2024;13:15:00;13:30:00;0,077
21.05.2024;13:30:00;13:45:00;0,086
21.05.2024;13:45:00;14:00:00;0,038
21.05.2024;14:00:00;14:15:00;0,047
21.05.2024;14:15:00;14:30:00;0,033
21.05.2024;14:30:00;14:45:00;0,161
21.05.2024;14:45:00;15:00:00;0,15
21.05.2024;15:00:00;15:15:00;0,566
21.05.2024;15:15:00;15:30:00;0,237
21.05.2024;15:30:00;15:45:00;0,203
21.05.2024;15:45:00;16:00:00;0,303
21.05.2024;16:00:00;16:15:00;0,18
21.05.2024;16:15:00;16:30:00;0,239
21.05.2024;16:30:00;16:45:00;0,332
21.05.2024;16:45:00;17:00:00;0,261
21.05.2024;17:00:00;17:15:00;0,1
21.05.2024;17:15:00;17:30:00;0,326
21.05.2024;17:30:00;17:45:00;0,092
21.05.2024;17:45:00;18:00:00;0,122
21.05.2024;18:00:00;18:15:00;0,166
21.05.2024;18:15:00;18:30:00;0,191
21.05.2024;18:30:00;18:45:00;0,222
21.05.2024;18:45:00;19:00:00;0,041
21.05.2024;19:00:00;19:15:00;0,082
21.05.2024;19:15:00;19:30:00;0
21.05.2024;19:30:00;19:45:00;0
21.05.2024;19:45:00;20:00:00;0
21.05.2024;20:00:00;20:15:00;0
21.05.2024;20:15:00;20:30:00;0
21.05.2024;20:30:00;20:45:00;0
21.05.2024;20:45:00;21:00:00;0
21.05.2024;21:00:00;21:15:00;0
21.05.2024;21:15:00;21:30:00;0
21.05.2024;21:30:00;21:45:00;0
21.05.2024;21:45:00;22:00:00;0
21.05.2024;22:00:00;22:15:00;0
21.05.2024;22:15:00;22:30:00;0
21.05.2024;22:30:00;22:45:00;0
21.05.2024;22:45:00;23:00:00;0
21.05.2024;23:00:00;23:15:00;0
21.05.2024;23:15:00;23:30:00;0
21.05.2024;23:30:00;23:45:00;0
21.05.2024;23:45:00;00:00:00;0
22.05.2024;00:00:00;00:15:00;0
22.05.2024;00:15:00;00:30:00;0
22.05.2024;00:30:00;00:45:00;0
22.05.2024;00:45:00;01:00:00;0
22.05.2024;01:00:00;01:15:00;0
22.05.2024;01:15:00;01:30:00;0
22.05.2024;01:30:00;01:45:00;0
22.05.2024;01:45:00;02:00:00;0
22.05.2024;02:00:00;02:15:00;0
22.05.2024;02:15:00;02:30:00;0
22.05.2024;02:30:00;02:45:00;0
22.05.2024;02:45:00;03:00:00;0
22.05.2024;03:00:00;03:15:00;0
22.05.2024;03:15:00;03:30:00;0
22.05.2024;03:30:00;03:45:00;0
22.05.2024;03:45:00;04:00:00;0
22.05.2024;04:00:00;04:15:00;0
22.05.2024;04:15:00;04:30:00;0
22.05.2024;04:30:00;04:45:00;0
22.05.2024;04:45:00;05:00:00;0
22.05.2024;05:00:00;05:15:00;0
22.05.2024;05:15:00;05:30:00;0
22.05.2024;05:30:00;05:45:00;0
22.05.2024;05:45:00;06:00:00;0
22.05.2024;06:00:00;06:15:00;0
22.05.2024;06:15:00;06:30:00;0
22.05.2024;06:30:00;06:45:00;0
22.05.2024;06:45:00;07:00:00;0,025
22.05.2024;07:00:00;07:15:00;0,079
22.05.2024;07:15:00;07:30:00;0,156
22.05.2024;07:30:00;07:45:00;0,231
22.05.2024;07:45:00;08:00:00;0,28
22.05.2024;08:00:00;08:15:00;0,298
22.05.2024;08:15:00;08:30:00;0,287
22.05.2024;08:30:00;08:45:00;0,173
22.05.2024;08:45:00;09:00:00;0,399
22.05.2024;09:00:00;09:15:00;0,471
22.05.2024;09:15:00;09:30:00;0,643
22.05.2024;09:30:00;09:45:00;0,782
22.05.2024;09:45:00;10:00:00;0,704
22.05.2024;10:00:00;10:15:00;0,847
22.05.2024;10:15:00;10:30:00;0,661
22.05.2024;10:30:00;10:45:00;0,958
22.05.2024;10:45:00;11:00:00;0,55
22.05.2024;11:00:00;11:15:00;0,617
22.05.2024;11:15:00;11:30:00;0,567
22.05.2024;11:30:00;11:45:00;0,497
22.05.2024;11:45:00;12:00:00;0,421
22.05.2024;12:00:00;12:15:00;0,41
22.05.2024;12:15:00;12:30:00;0,628
22.05.2024;12:30:00;12:45:00;0,345
22.05.2024;12:45:00;13:00:00;0,206
22.05.2024;13:00:00;13:15:00;0,407
22.05.2024;13:15:00;13:30:00;0,099
22.05.2024;13:30:00;13:45:00;0,279
22.05.2024;13:45:00;14:00:00;0,609
22.05.2024;14:00:00;14:15:00;0,729
22.05.2024;14:15:00;14:30:00;1,259
22.05.2024;14:30:00;14:45:00;0,675
22.05.2024;14:45:00;15:00:00;0,962
22.05.2024;15:00:00;15:15:00;0,33
22.05.2024;15:15:00;15:30:00;0,437
22.05.2024;15:30:00;15:45:00;0,98
22.05.2024;15:45:00;16:00:00;0,95
22.05.2024;16:00:00;16:15:00;1,08
22.05.2024;16:15:00;16:30:00;0,714
22.05.2024;16:30:00;16:45:00;0,302
22.05.2024;16:45:00;17:00:00;0,58
22.05.2024;17:00:00;17:15:00;0,499
22.05.2024;17:15:00;17:30:00;0,581
22.05.2024;17:30:00;17:45:00;0,281
22.05.2024;17:45:00;18:00:00;0,529
22.05.2024;18:00:00;18:15:00;0,161
22.05.2024;18:15:00;18:30:00;0,25
22.05.2024;18:30:00;18:45:00;0
22.05.2024;18:45:00;19:00:00;0
22.05.2024;19:00:00;19:15:00;0,017
22.05.2024;19:15:00;19:30:00;0,013
22.05.2024;19:30:00;19:45:00;0,001
22.05.2024;19:45:00;20:00:00;0
22.05.2024;20:00:00;20:15:00;0
22.05.2024;20:15:00;20:30:00;0
22.05.2024;20:30:00;20:45:00;0
22.05.2024;20:45:00;21:00:00;0
22.05.2024;21:00:00;21:15:00;0
22.05.2024;21:15:00;21:30:00;0
22.05.2024;21:30:00;21:45:00;0
22.05.2024;21:45:00;22:00:00;0
22.05.2024;22:00:00;22:15:00;0
22.05.2024;22:15:00;22:30:00;0
22.05.2024;22:30:00;22:45:00;0
22.05.2024;22:45:00;23:00:00;0
22.05.2024;23:00:00;23:15:00;0
22.05.2024;23:15:00;23:30:00;0
22.05.2024;23:30:00;23:45:00;0
22.05.2024;23:45:00;00:00:00;0
23.05.2024;00:00:00;00:15:00;0
23.05.2024;00:15:00;00:30:00;0
23.05.2024;00:30:00;00:45:00;0
23.05.2024;00:45:00;01:00:00;0
23.05.2024;01:00:00;01:15:00;0
23.05.2024;01:15:00;01:30:00;0
23.05.2024;01:30:00;01:45:00;0
23.05.2024;01:45:00;02:00:00;0
23.05.2024;02:00:00;02:15:00;0
23.05.2024;02:15:00;02:30:00;0
23.05.2024;02:30:00;02:45:00;0
23.05.2024;02:45:00;03:00:00;0
23.05.2024;03:00:00;03:15:00;0
23.05.2024;03:15:00;03:30:00;0
23.05.2024;03:30:00;03:45:00;0
23.05.2024;03:45:00;04:00:00;0
23.05.2024;04:00:00;04:15:00;0
23.05.2024;04:15:00;04:30:00;0
23.05.2024;04:30:00;04:45:00;0
23.05.2024;04:45:00;05:00:00;0
23.05.2024;05:00:00;05:15:00;0
23.05.2024;05:15:00;05:30:00;0
23.05.2024;05:30:00;05:45:00;0
23.05.2024;05:45:00;06:00:00;0
23.05.2024;06:00:00;06:15:00;0,008
23.05.2024;06:15:00;06:30:00;0,047
23.05.2024;06:30:00;06:45:00;0,001
23.05.2024;06:45:00;07:00:00;0,025
23.05.2024;07:00:00;07:15:00;0,054
23.05.2024;07:15:00;07:30:00;0,073
23.05.2024;07:30:00;07:45:00;0,097
23.05.2024;07:45:00;08:00:00;0,136
23.05.2024;08:00:00;08:15:00;0,182
23.05.2024;08:15:00;08:30:00;0,102
23.05.2024;08:30:00;08:45:00;0,002
23.05.2024;08:45:00;09:00:00;0,048
23.05.2024;09:00:00;09:15:00;0,073
23.05.2024;09:15:00;09:30:00;0,027
23.05.2024;09:30:00;09:45:00;0,115
23.05.2024;09:45:00;10:00:00;0,342
23.05.2024;10:00:00;10:15:00;0,452
23.05.2024;10:15:00;10:30:00;0,539
23.05.2024;10:30:00;10:45:00;0,419
23.05.2024;10:45:00;11:00:00;0,074
23.05.2024;11:00:00;11:15:00;0,21
23.05.2024;11:15:00;11:30:00;0,241
23.05.2024;11:30:00;11:45:00;0,383
23.05.2024;11:45:00;12:00:00;0,047
23.05.2024;12:00:00;12:15:00;0,332
23.05.2024;12:15:00;12:30:00;0,994
23.05.2024;12:30:00;12:45:00;0,518
23.05.2024;12:45:00;13:00:00;0,925
23.05.2024;13:00:00;13:15:00;0,453
23.05.2024;13:15:00;13:30:00;0,575
23.05.2024;13:30:00;13:45:00;0,823
23.05.2024;13:45:00;14:00:00;0,306
23.05.2024;14:00:00;14:15:00;0,717
23.05.2024;14:15:00;14:30:00;0,504
23.05.2024;14:30:00;14:45:00;0,352
23.05.2024;14:45:00;15:00:00;0,714
23.05.2024;15:00:00;15:15:00;0,182
23.05.2024;15:15:00;15:30:00;0,316
23.05.2024;15:30:00;15:45:00;0,006
23.05.2024;15:45:00;16:00:00;0
23.05.2024;16:00:00;16:15:00;0,458
23.05.2024;16:15:00;16:30:00;0,252
23.05.2024;16:30:00;16:45:00;0,692
23.05.2024;16:45:00;17:00:00;1,051
23.05.2024;17:00:00;17:15:00;0,959
23.05.2024;17:15:00;17:30:00;0,502
23.05.2024;17:30:00;17:45:00;0,207
23.05.2024;17:45:00;18:00:00;0,068
23.05.2024;18:00:00;18:15:00;0,326
23.05.2024;18:15:00;18:30:00;0,187
23.05.2024;18:30:00;18:45:00;0,212
23.05.2024;18:45:00;19:00:00;0,091
23.05.2024;19:00:00;19:15:00;0,043
23.05.2024;19:15:00;19:30:00;0,004
23.05.2024;19:30:00;19:45:00;0
23.05.2024;19:45:00;20:00:00;0
23.05.2024;20:00:00;20:15:00;0
23.05.2024;20:15:00;20:30:00;0
23.05.2024;20:30:00;20:45:00;0
23.05.2024;20:45:00;21:00:00;0
23.05.2024;21:00:00;21:15:00;0
23.05.2024;21:15:00;21:30:00;0
23.05.2024;21:30:00;21:45:00;0
23.05.2024;21:45:00;22:00:00;0
23.05.2024;22:00:00;22:15:00;0
23.05.2024;22:15:00;22:30:00;0
23.05.2024;22:30:00;22:45:00;0
23.05.2024;22:45:00;23:00:00;0
23.05.2024;23:00:00;23:15:00;0
23.05.2024;23:15:00;23:30:00;0
23.05.2024;23:30:00;23:45:00;0
23.05.2024;23:45:00;00:00:00;0
24.05.2024;00:00:00;00:15:00;0
24.05.2024;00:15:00;00:30:00;0
24.05.2024;00:30:00;00:45:00;0
24.05.2024;00:45:00;01:00:00;0
24.05.2024;01:00:00;01:15:00;0
24.05.2024;01:15:00;01:30:00;0
24.05.2024;01:30:00;01:45:00;0
24.05.2024;01:45:00;02:00:00;0
24.05.2024;02:00:00;02:15:00;0
24.05.2024;02:15:00;02:30:00;0
24.05.2024;02:30:00;02:45:00;0
24.05.2024;02:45:00;03:00:00;0
24.05.2024;03:00:00;03:15:00;0
24.05.2024;03:15:00;03:30:00;0
24.05.2024;03:30:00;03:45:00;0
24.05.2024;03:45:00;04:00:00;0
24.05.2024;04:00:00;04:15:00;0
24.05.2024;04:15:00;04:30:00;0
24.05.2024;04:30:00;04:45:00;0
24.05.2024;04:45:00;05:00:00;0
24.05.2024;05:00:00;05:15:00;0
24.05.2024;05:15:00;05:30:00;0
24.05.2024;05:30:00;05:45:00;0
24.05.2024;05:45:00;06:00:00;0
24.05.2024;06:00:00;06:15:00;0
24.05.2024;06:15:00;06:30:00;0
24.05.2024;06:30:00;06:45:00;0
24.05.2024;06:45:00;07:00:00;0,005
24.05.2024;07:00:00;07:15:00;0
24.05.2024;07:15:00;07:30:00;0
24.05.2024;07:30:00;07:45:00;0
24.05.2024;07:45:00;08:00:00;0
24.05.2024;08:00:00;08:15:00;0
24.05.2024;08:15:00;08:30:00;0,005
24.05.2024;08:30:00;08:45:00;0
24.05.2024;08:45:00;09:00:00;0
24.05.2024;09:00:00;09:15:00;0,007
24.05.2024;09:15:00;09:30:00;0
24.05.2024;09:30:00;09:45:00;0,036
24.05.2024;09:45:00;10:00:00;0,351
24.05.2024;10:00:00;10:15:00;0,152
24.05.2024;10:15:00;10:30:00;0,139
24.05.2024;10:30:00;10:45:00;0,181
24.05.2024;10:45:00;11:00:00;0,323
24.05.2024;11:00:00;11:15:00;0,253
24.05.2024;11:15:00;11:30:00;0,576
24.05.2024;11:30:00;11:45:00;0,523
24.05.2024;11:45:00;12:00:00;0,202
24.05.2024;12:00:00;12:15:00;0,166
24.05.2024;12:15:00;12:30:00;0,549
24.05.2024;12:30:00;12:45:00;0,421
24.05.2024;12:45:00;13:00:00;1,124
24.05.2024;13:00:00;13:15:00;1,329
24.05.2024;13:15:00;13:30:00;1,359
24.05.2024;13:30:00;13:45:00;0,906
24.05.2024;13:45:00;14:00:00;0,767
24.05.2024;14:00:00;14:15:00;0,545
24.05.2024;14:15:00;14:30:00;1,234
24.05.2024;14:30:00;14:45:00;1,232
24.05.2024;14:45:00;15:00:00;0,689
24.05.2024;15:00:00;15:15:00;1,117
24.05.2024;15:15:00;15:30:00;0,963
24.05.2024;15:30:00;15:45:00;0,353
24.05.2024;15:45:00;16:00:00;0,178
24.05.2024;16:00:00;16:15:00;0,055
24.05.2024;16:15:00;16:30:00;0
24.05.2024;16:30:00;16:45:00;0,006
24.05.2024;16:45:00;17:00:00;0,068
24.05.2024;17:00:00;17:15:00;0
24.05.2024;17:15:00;17:30:00;0
24.05.2024;17:30:00;17:45:00;0
24.05.2024;17:45:00;18:00:00;0
24.05.2024;18:00:00;18:15:00;0
24.05.2024;18:15:00;18:30:00;0
24.05.2024;18:30:00;18:45:00;0
24.05.2024;18:45:00;19:00:00;0
24.05.2024;19:00:00;19:15:00;0
24.05.2024;19:15:00;19:30:00;0
24.05.2024;19:30:00;19:45:00;0
24.05.2024;19:45:00;20:00:00;0
24.05.2024;20:00:00;20:15:00;0
24.05.2024;20:15:00;20:30:00;0
24.05.2024;20:30:00;20:45:00;0
24.05.2024;20:45:00;21:00:00;0
24.05.2024;21:00:00;21:15:00;0
24.05.2024;21:15:00;21:30:00;0
24.05.2024;21:30:00;21:45:00;0
24.05.2024;21:45:00;22:00:00;0
24.05.2024;22:00:00;22:15:00;0
24.05.2024;22:15:00;22:30:00;0
24.05.2024;22:30:00;22:45:00;0
24.05.2024;22:45:00;23:00:00;0
24.05.2024;23:00:00;23:15:00;0
24.05.2024;23:15:00;23:30:00;0
24.05.2024;23:30:00;23:45:00;0
24.05.2024;23:45:00;00:00:00;0
25.05.2024;00:00:00;00:15:00;0
25.05.2024;00:15:00;00:30:00;0
25.05.2024;00:30:00;00:45:00;0
25.05.2024;00:45:00;01:00:00;0
25.05.2024;01:00:00;01:15:00;0
25.05.2024;01:15:00;01:30:00;0
25.05.2024;01:30:00;01:45:00;0
25.05.2024;01:45:00;02:00:00;0
25.05.2024;02:00:00;02:15:00;0
25.05.2024;02:15:00;02:30:00;0
25.05.2024;02:30:00;02:45:00;0
25.05.2024;02:45:00;03:00:00;0
25.05.2024;03:00:00;03:15:00;0
25.05.2024;03:15:00;03:30:00;0
25.05.2024;03:30:00;03:45:00;0
25.05.2024;03:45:00;04:00:00;0
25.05.2024;04:00:00;04:15:00;0
25.05.2024;04:15:00;04:30:00;0
25.05.2024;04:30:00;04:45:00;0
25.05.2024;04:45:00;05:00:00;0
25.05.2024;05:00:00;05:15:00;0
25.05.2024;05:15:00;05:30:00;0
25.05.2024;05:30:00;05:45:00;0
25.05.2024;05:45:00;06:00:00;0
25.05.2024;06:00:00;06:15:00;0
25.05.2024;06:15:00;06:30:00;0,003
25.05.2024;06:30:00;06:45:00;0,019
25.05.2024;06:45:00;07:00:00;0,053
25.05.2024;07:00:00;07:15:00;0,059
25.05.2024;07:15:00;07:30:00;0,057
25.05.2024;07:30:00;07:45:00;0,001
25.05.2024;07:45:00;08:00:00;0,032
25.05.2024;08:00:00;08:15:00;0,022
25.05.2024;08:15:00;08:30:00;0,032
25.05.2024;08:30:00;08:45:00;0,128
25.05.2024;08:45:00;09:00:00;0,068
25.05.2024;09:00:00;09:15:00;0,031
25.05.2024;09:15:00;09:30:00;0,153
25.05.2024;09:30:00;09:45:00;0,226
25.05.2024;09:45:00;10:00:00;0,281
25.05.2024;10:00:00;10:15:00;0,015
25.05.2024;10:15:00;10:30:00;0,006
25.05.2024;10:30:00;10:45:00;0,095
25.05.2024;10:45:00;11:00:00;0,583
25.05.2024;11:00:00;11:15:00;0,858
25.05.2024;11:15:00;11:30:00;0,982
25.05.2024;11:30:00;11:45:00;0,67
25.05.2024;11:45:00;12:00:00;0,205
25.05.2024;12:00:00;12:15:00;0,357
25.05.2024;12:15:00;12:30:00;0,861
25.05.2024;12:30:00;12:45:00;0,194
25.05.2024;12:45:00;13:00:00;0,024
25.05.2024;13:00:00;13:15:00;0
25.05.2024;13:15:00;13:30:00;0
25.05.2024;13:30:00;13:45:00;0
25.05.2024;13:45:00;14:00:00;0
25.05.2024;14:00:00;14:15:00;0
25.05.2024;14:15:00;14:30:00;0
25.05.2024;14:30:00;14:45:00;0
25.05.2024;14:45:00;15:00:00;0
25.05.2024;15:00:00;15:15:00;0
25.05.2024;15:15:00;15:30:00;0,008
25.05.2024;15:30:00;15:45:00;0,024
25.05.2024;15:45:00;16:00:00;0,13
25.05.2024;16:00:00;16:15:00;0,144
25.05.2024;16:15:00;16:30:00;0,251
25.05.2024;16:30:00;16:45:00;0,48
25.05.2024;16:45:00;17:00:00;0,742
25.05.2024;17:00:00;17:15:00;0,565
25.05.2024;17:15:00;17:30:00;0,314
25.05.2024;17:30:00;17:45:00;0,576
25.05.2024;17:45:00;18:00:00;0,47
25.05.2024;18:00:00;18:15:00;0,342
25.05.2024;18:15:00;18:30:00;0,248
25.05.2024;18:30:00;18:45:00;0,17
25.05.2024;18:45:00;19:00:00;0,078
25.05.2024;19:00:00;19:15:00;0,022
25.05.2024;19:15:00;19:30:00;0
25.05.2024;19:30:00;19:45:00;0
25.05.2024;19:45:00;20:00:00;0
25.05.2024;20:00:00;20:15:00;0
25.05.2024;20:15:00;20:30:00;0
25.05.2024;20:30:00;20:45:00;0
25.05.2024;20:45:00;21:00:00;0
25.05.2024;21:00:00;21:15:00;0
25.05.2024;21:15:00;21:30:00;0
25.05.2024;21:30:00;21:45:00;0
25.05.2024;21:45:00;22:00:00;0
25.05.2024;22:00:00;22:15:00;0
25.05.2024;22:15:00;22:30:00;0
25.05.2024;22:30:00;22:45:00;0
25.05.2024;22:45:00;23:00:00;0
25.05.2024;23:00:00;23:15:00;0
25.05.2024;23:15:00;23:30:00;0
25.05.2024;23:30:00;23:45:00;0
25.05.2024;23:45:00;00:00:00;0
26.05.2024;00:00:00;00:15:00;0
26.05.2024;00:15:00;00:30:00;0
26.05.2024;00:30:00;00:45:00;0
26.05.2024;00:45:00;01:00:00;0
26.05.2024;01:00:00;01:15:00;0
26.05.2024;01:15:00;01:30:00;0
26.05.2024;01:30:00;01:45:00;0
26.05.2024;01:45:00;02:00:00;0
26.05.2024;02:00:00;02:15:00;0
26.05.2024;02:15:00;02:30:00;0
26.05.2024;02:30:00;02:45:00;0
26.05.2024;02:45:00;03:00:00;0
26.05.2024;03:00:00;03:15:00;0
26.05.2024;03:15:00;03:30:00;0
26.05.2024;03:30:00;03:45:00;0
26.05.2024;03:45:00;04:00:00;0
26.05.2024;04:00:00;04:15:00;0
26.05.2024;04:15:00;04:30:00;0
26.05.2024;04:30:00;04:45:00;0
26.05.2024;04:45:00;05:00:00;0
26.05.2024;05:00:00;05:15:00;0
26.05.2024;05:15:00;05:30:00;0
26.05.2024;05:30:00;05:45:00;0
26.05.2024;05:45:00;06:00:00;0
26.05.2024;06:00:00;06:15:00;0
26.05.2024;06:15:00;06:30:00;0
26.05.2024;06:30:00;06:45:00;0
26.05.2024;06:45:00;07:00:00;0
26.05.2024;07:00:00;07:15:00;0,04
26.05.2024;07:15:00;07:30:00;0,106
26.05.2024;07:30:00;07:45:00;0,002
26.05.2024;07:45:00;08:00:00;0,128
26.05.2024;08:00:00;08:15:00;0,218
26.05.2024;08:15:00;08:30:00;0,139
26.05.2024;08:30:00;08:45:00;0
26.05.2024;08:45:00;09:00:00;0,252
26.05.2024;09:00:00;09:15:00;0,466
26.05.2024;09:15:00;09:30:00;0,436
26.05.2024;09:30:00;09:45:00;0,311
26.05.2024;09:45:00;10:00:00;0,381
26.05.2024;10:00:00;10:15:00;0,747
26.05.2024;10:15:00;10:30:00;0,328
26.05.2024;10:30:00;10:45:00;0,312
26.05.2024;10:45:00;11:00:00;0,703
26.05.2024;11:00:00;11:15:00;0,728
26.05.2024;11:15:00;11:30:00;0,311
26.05.2024;11:30:00;11:45:00;0,008
26.05.2024;11:45:00;12:00:00;0,031
26.05.2024;12:00:00;12:15:00;0,359
26.05.2024;12:15:00;12:30:00;1,052
26.05.2024;12:30:00;12:45:00;1,24
26.05.2024;12:45:00;13:00:00;1,03
26.05.2024;13:00:00;13:15:00;1,136
26.05.2024;13:15:00;13:30:00;1,203
26.05.2024;13:30:00;13:45:00;1,142
26.05.2024;13:45:00;14:00:00;1,396
26.05.2024;14:00:00;14:15:00;1,19
26.05.2024;14:15:00;14:30:00;0,93
26.05.2024;14:30:00;14:45:00;0,465
26.05.2024;14:45:00;15:00:00;0,406
26.05.2024;15:00:00;15:15:00;0,469
26.05.2024;15:15:00;15:30:00;0,412
26.05.2024;15:30:00;15:45:00;0,432
26.05.2024;15:45:00;16:00:00;1,13
26.05.2024;16:00:00;16:15:00;0,921
26.05.2024;16:15:00;16:30:00;0,378
26.05.2024;16:30:00;16:45:00;0,274
26.05.2024;16:45:00;17:00:00;0,346
26.05.2024;17:00:00;17:15:00;0,166
26.05.2024;17:15:00;17:30:00;0,152
26.05.2024;17:30:00;17:45:00;0,39
26.05.2024;17:45:00;18:00:00;0,373
26.05.2024;18:00:00;18:15:00;0,273
26.05.2024;18:15:00;18:30:00;0,287
26.05.2024;18:30:00;18:45:00;0,054
26.05.2024;18:45:00;19:00:00;0,001
26.05.2024;19:00:00;19:15:00;0
26.05.2024;19:15:00;19:30:00;0
26.05.2024;19:30:00;19:45:00;0
26.05.2024;19:45:00;20:00:00;0
26.05.2024;20:00:00;20:15:00;0
26.05.2024;20:15:00;20:30:00;0
26.05.2024;20:30:00;20:45:00;0
26.05.2024;20:45:00;21:00:00;0
26.05.2024;21:00:00;21:15:00;0
26.05.2024;21:15:00;21:30:00;0
26.05.2024;21:30:00;21:45:00;0
26.05.2024;21:45:00;22:00:00;0
26.05.2024;22:00:00;22:15:00;0
26.05.2024;22:15:00;22:30:00;0
26.05.2024;22:30:00;22:45:00;0
26.05.2024;22:45:00;23:00:00;0
26.05.2024;23:00:00;23:15:00;0
26.05.2024;23:15:00;23:30:00;0
26.05.2024;23:30:00;23:45:00;0
26.05.2024;23:45:00;00:00:00;0
27.05.2024;00:00:00;00:15:00;0
27.05.2024;00:15:00;00:30:00;0
27.05.2024;00:30:00;00:45:00;0
27.05.2024;00:45:00;01:00:00;0
27.05.2024;01:00:00;01:15:00;0
27.05.2024;01:15:00;01:30:00;0
27.05.2024;01:30:00;01:45:00;0
27.05.2024;01:45:00;02:00:00;0
27.05.2024;02:00:00;02:15:00;0
27.05.2024;02:15:00;02:30:00;0
27.05.2024;02:30:00;02:45:00;0
27.05.2024;02:45:00;03:00:00;0
27.05.2024;03:00:00;03:15:00;0
27.05.2024;03:15:00;03:30:00;0
27.05.2024;03:30:00;03:45:00;0
27.05.2024;03:45:00;04:00:00;0
27.05.2024;04:00:00;04:15:00;0
27.05.2024;04:15:00;04:30:00;0
27.05.2024;04:30:00;04:45:00;0
27.05.2024;04:45:00;05:00:00;0
27.05.2024;05:00:00;05:15:00;0
27.05.2024;05:15:00;05:30:00;0
27.05.2024;05:30:00;05:45:00;0
27.05.2024;05:45:00;06:00:00;0
27.05.2024;06:00:00;06:15:00;0
27.05.2024;06:15:00;06:30:00;0
27.05.2024;06:30:00;06:45:00;0
27.05.2024;06:45:00;07:00:00;0
27.05.2024;07:00:00;07:15:00;0
27.05.2024;07:15:00;07:30:00;0,005
27.05.2024;07:30:00;07:45:00;0,035
27.05.2024;07:45:00;08:00:00;0,072
27.05.2024;08:00:00;08:15:00;0,146
27.05.2024;08:15:00;08:30:00;0,178
27.05.2024;08:30:00;08:45:00;0,272
27.05.2024;08:45:00;09:00:00;0,351
27.05.2024;09:00:00;09:15:00;0,501
27.05.2024;09:15:00;09:30:00;0,453
27.05.2024;09:30:00;09:45:00;0,553
27.05.2024;09:45:00;10:00:00;0,68
27.05.2024;10:00:00;10:15:00;0,654
27.05.2024;10:15:00;10:30:00;0,739
27.05.2024;10:30:00;10:45:00;0,127
27.05.2024;10:45:00;11:00:00;0,049
27.05.2024;11:00:00;11:15:00;0,151
27.05.2024;11:15:00;11:30:00;0,081
27.05.2024;11:30:00;11:45:00;0,122
27.05.2024;11:45:00;12:00:00;0,586
27.05.2024;12:00:00;12:15:00;1,361
27.05.2024;12:15:00;12:30:00;1,406
27.05.2024;12:30:00;12:45:00;1,4
27.05.2024;12:45:00;13:00:00;1,479
27.05.2024;13:00:00;13:15:00;1,505
27.05.2024;13:15:00;13:30:00;1,458
27.05.2024;13:30:00;13:45:00;0,36
27.05.2024;13:45:00;14:00:00;0,09
27.05.2024;14:00:00;14:15:00;0,335
27.05.2024;14:15:00;14:30:00;0,229
27.05.2024;14:30:00;14:45:00;0,129
27.05.2024;14:45:00;15:00:00;0,301
27.05.2024;15:00:00;15:15:00;0,23
27.05.2024;15:15:00;15:30:00;0,036
27.05.2024;15:30:00;15:45:00;0,16
27.05.2024;15:45:00;16:00:00;0,055
27.05.2024;16:00:00;16:15:00;0,004
27.05.2024;16:15:00;16:30:00;0,044
27.05.2024;16:30:00;16:45:00;0,046
27.05.2024;16:45:00;17:00:00;0,039
27.05.2024;17:00:00;17:15:00;0,055
27.05.2024;17:15:00;17:30:00;0,028
27.05.2024;17:30:00;17:45:00;0,181
27.05.2024;17:45:00;18:00:00;0,441
27.05.2024;18:00:00;18:15:00;0,337
27.05.2024;18:15:00;18:30:00;0,277
27.05.2024;18:30:00;18:45:00;0,113
27.05.2024;18:45:00;19:00:00;0,038
27.05.2024;19:00:00;19:15:00;0,002
27.05.2024;19:15:00;19:30:00;0,001
27.05.2024;19:30:00;19:45:00;0,002
27.05.2024;19:45:00;20:00:00;0
27.05.2024;20:00:00;20:15:00;0
27.05.2024;20:15:00;20:30:00;0
27.05.2024;20:30:00;20:45:00;0
27.05.2024;20:45:00;21:00:00;0
27.05.2024;21:00:00;21:15:00;0
27.05.2024;21:15:00;21:30:00;0
27.05.2024;21:30:00;21:45:00;0
27.05.2024;21:45:00;22:00:00;0
27.05.2024;22:00:00;22:15:00;0
27.05.2024;22:15:00;22:30:00;0
27.05.2024;22:30:00;22:45:00;0
27.05.2024;22:45:00;23:00:00;0
27.05.2024;23:00:00;23:15:00;0
27.05.2024;23:15:00;23:30:00;0
27.05.2024;23:30:00;23:45:00;0
27.05.2024;23:45:00;00:00:00;0
28.05.2024;00:00:00;00:15:00;0
28.05.2024;00:15:00;00:30:00;0
28.05.2024;00:30:00;00:45:00;0
28.05.2024;00:45:00;01:00:00;0
28.05.2024;01:00:00;01:15:00;0
28.05.2024;01:15:00;01:30:00;0
28.05.2024;01:30:00;01:45:00;0
28.05.2024;01:45:00;02:00:00;0
28.05.2024;02:00:00;02:15:00;0
28.05.2024;02:15:00;02:30:00;0
28.05.2024;02:30:00;02:45:00;0
28.05.2024;02:45:00;03:00:00;0
28.05.2024;03:00:00;03:15:00;0
28.05.2024;03:15:00;03:30:00;0
28.05.2024;03:30:00;03:45:00;0
28.05.2024;03:45:00;04:00:00;0
28.05.2024;04:00:00;04:15:00;0
28.05.2024;04:15:00;04:30:00;0
28.05.2024;04:30:00;04:45:00;0
28.05.2024;04:45:00;05:00:00;0
28.05.2024;05:00:00;05:15:00;0
28.05.2024;05:15:00;05:30:00;0
28.05.2024;05:30:00;05:45:00;0
28.05.2024;05:45:00;06:00:00;0
28.05.2024;06:00:00;06:15:00;0
28.05.2024;06:15:00;06:30:00;0
28.05.2024;06:30:00;06:45:00;0
28.05.2024;06:45:00;07:00:00;0
28.05.2024;07:00:00;07:15:00;0,017
28.05.2024;07:15:00;07:30:00;0,02
28.05.2024;07:30:00;07:45:00;0,028
28.05.2024;07:45:00;08:00:00;0,101
28.05.2024;08:00:00;08:15:00;0,137
28.05.2024;08:15:00;08:30:00;0,127
28.05.2024;08:30:00;08:45:00;0,051
28.05.2024;08:45:00;09:00:00;0,043
28.05.2024;09:00:00;09:15:00;0,044
28.05.2024;09:15:00;09:30:00;0,061
28.05.2024;09:30:00;09:45:00;0,127
28.05.2024;09:45:00;10:00:00;0,105
28.05.2024;10:00:00;10:15:00;0,111
28.05.2024;10:15:00;10:30:00;0,267
28.05.2024;10:30:00;10:45:00;0,049
28.05.2024;10:45:00;11:00:00;0,098
28.05.2024;11:00:00;11:15:00;0,23
28.05.2024;11:15:00;11:30:00;0,084
28.05.2024;11:30:00;11:45:00;0,112
28.05.2024;11:45:00;12:00:00;0,428
28.05.2024;12:00:00;12:15:00;0,232
28.05.2024;12:15:00;12:30:00;0,077
28.05.2024;12:30:00;12:45:00;0,083
28.05.2024;12:45:00;13:00:00;0,39
28.05.2024;13:00:00;13:15:00;0,551
28.05.2024;13:15:00;13:30:00;0,071
28.05.2024;13:30:00;13:45:00;0,295
28.05.2024;13:45:00;14:00:00;0,135
28.05.2024;14:00:00;14:15:00;0,877
28.05.2024;14:15:00;14:30:00;0,124
28.05.2024;14:30:00;14:45:00;0,245
28.05.2024;14:45:00;15:00:00;0,133
28.05.2024;15:00:00;15:15:00;0,096
28.05.2024;15:15:00;15:30:00;0,277
28.05.2024;15:30:00;15:45:00;1,177
28.05.2024;15:45:00;16:00:00;0,984
28.05.2024;16:00:00;16:15:00;0,93
28.05.2024;16:15:00;16:30:00;0,92
28.05.2024;16:30:00;16:45:00;0,602
28.05.2024;16:45:00;17:00:00;0,278
28.05.2024;17:00:00;17:15:00;0,57
28.05.2024;17:15:00;17:30:00;0,813
28.05.2024;17:30:00;17:45:00;0,439
28.05.2024;17:45:00;18:00:00;0,225
28.05.2024;18:00:00;18:15:00;0,25
28.05.2024;18:15:00;18:30:00;0,208
28.05.2024;18:30:00;18:45:00;0,105
28.05.2024;18:45:00;19:00:00;0,009
28.05.2024;19:00:00;19:15:00;0
28.05.2024;19:15:00;19:30:00;0
28.05.2024;19:30:00;19:45:00;0
28.05.2024;19:45:00;20:00:00;0
28.05.2024;20:00:00;20:15:00;0
28.05.2024;20:15:00;20:30:00;0
28.05.2024;20:30:00;20:45:00;0
28.05.2024;20:45:00;21:00:00;0
28.05.2024;21:00:00;21:15:00;0
28.05.2024;21:15:00;21:30:00;0
28.05.2024;21:30:00;21:45:00;0
28.05.2024;21:45:00;22:00:00;0
28.05.2024;22:00:00;22:15:00;0
28.05.2024;22:15:00;22:30:00;0
28.05.2024;22:30:00;22:45:00;0
28.05.2024;22:45:00;23:00:00;0
28.05.2024;23:00:00;23:15:00;0
28.05.2024;23:15:00;23:30:00;0
28.05.2024;23:30:00;23:45:00;0
28.05.2024;23:45:00;00:00:00;0
29.05.2024;00:00:00;00:15:00;0
29.05.2024;00:15:00;00:30:00;0
29.05.2024;00:30:00;00:45:00;0
29.05.2024;00:45:00;01:00:00;0
29.05.2024;01:00:00;01:15:00;0
29.05.2024;01:15:00;01:30:00;0
29.05.2024;01:30:00;01:45:00;0
29.05.2024;01:45:00;02:00:00;0
29.05.2024;02:00:00;02:15:00;0
29.05.2024;02:15:00;02:30:00;0
29.05.2024;02:30:00;02:45:00;0
29.05.2024;02:45:00;03:00:00;0
29.05.2024;03:00:00;03:15:00;0
29.05.2024;03:15:00;03:30:00;0
29.05.2024;03:30:00;03:45:00;0
29.05.2024;03:45:00;04:00:00;0
29.05.2024;04:00:00;04:15:00;0
29.05.2024;04:15:00;04:30:00;0
29.05.2024;04:30:00;04:45:00;0
29.05.2024;04:45:00;05:00:00;0
29.05.2024;05:00:00;05:15:00;0
29.05.2024;05:15:00;05:30:00;0
29.05.2024;05:30:00;05:45:00;0
29.05.2024;05:45:00;06:00:00;0
29.05.2024;06:00:00;06:15:00;0
29.05.2024;06:15:00;06:30:00;0
29.05.2024;06:30:00;06:45:00;0
29.05.2024;06:45:00;07:00:00;0
29.05.2024;07:00:00;07:15:00;0,006
29.05.2024;07:15:00;07:30:00;0,014
29.05.2024;07:30:00;07:45:00;0,017
29.05.2024;07:45:00;08:00:00;0,063
29.05.2024;08:00:00;08:15:00;0,117
29.05.2024;08:15:00;08:30:00;0,176
29.05.2024;08:30:00;08:45:00;0,258
29.05.2024;08:45:00;09:00:00;0,371
29.05.2024;09:00:00;09:15:00;0,647
29.05.2024;09:15:00;09:30:00;0,602
29.05.2024;09:30:00;09:45:00;0,574
29.05.2024;09:45:00;10:00:00;0,598
29.05.2024;10:00:00;10:15:00;0,761
29.05.2024;10:15:00;10:30:00;0,868
29.05.2024;10:30:00;10:45:00;0,969
29.05.2024;10:45:00;11:00:00;1,076
29.05.2024;11:00:00;11:15:00;1,146
29.05.2024;11:15:00;11:30:00;1,269
29.05.2024;11:30:00;11:45:00;1,236
29.05.2024;11:45:00;12:00:00;1,287
29.05.2024;12:00:00;12:15:00;1,219
29.05.2024;12:15:00;12:30:00;1,454
29.05.2024;12:30:00;12:45:00;1,424
29.05.2024;12:45:00;13:00:00;1,38
29.05.2024;13:00:00;13:15:00;1,085
29.05.2024;13:15:00;13:30:00;1,55
29.05.2024;13:30:00;13:45:00;1,585
29.05.2024;13:45:00;14:00:00;1,36
29.05.2024;14:00:00;14:15:00;1,472
29.05.2024;14:15:00;14:30:00;1,4
29.05.2024;14:30:00;14:45:00;1,396
29.05.2024;14:45:00;15:00:00;1,35
29.05.2024;15:00:00;15:15:00;1,367
29.05.2024;15:15:00;15:30:00;1,231
29.05.2024;15:30:00;15:45:00;1,156
29.05.2024;15:45:00;16:00:00;1,132
29.05.2024;16:00:00;16:15:00;1,01
29.05.2024;16:15:00;16:30:00;1,021
29.05.2024;16:30:00;16:45:00;1,175
29.05.2024;16:45:00;17:00:00;1,104
29.05.2024;17:00:00;17:15:00;1,008
29.05.2024;17:15:00;17:30:00;0,901
29.05.2024;17:30:00;17:45:00;0,8
29.05.2024;17:45:00;18:00:00;0,536
29.05.2024;18:00:00;18:15:00;0,536
29.05.2024;18:15:00;18:30:00;0,383
29.05.2024;18:30:00;18:45:00;0,2
29.05.2024;18:45:00;19:00:00;0,004
29.05.2024;19:00:00;19:15:00;0,033
29.05.2024;19:15:00;19:30:00;0,019
29.05.2024;19:30:00;19:45:00;0
29.05.2024;19:45:00;20:00:00;0
29.05.2024;20:00:00;20:15:00;0
29.05.2024;20:15:00;20:30:00;0
29.05.2024;20:30:00;20:45:00;0
29.05.2024;20:45:00;21:00:00;0
29.05.2024;21:00:00;21:15:00;0
29.05.2024;21:15:00;21:30:00;0
29.05.2024;21:30:00;21:45:00;0
29.05.2024;21:45:00;22:00:00;0
29.05.2024;22:00:00;22:15:00;0
29.05.2024;22:15:00;22:30:00;0
29.05.2024;22:30:00;22:45:00;0
29.05.2024;22:45:00;23:00:00;0
29.05.2024;23:00:00;23:15:00;0
29.05.2024;23:15:00;23:30:00;0
29.05.2024;23:30:00;23:45:00;0
29.05.2024;23:45:00;00:00:00;0
30.05.2024;00:00:00;00:15:00;0
30.05.2024;00:15:00;00:30:00;0
30.05.2024;00:30:00;00:45:00;0
30.05.2024;00:45:00;01:00:00;0
30.05.2024;01:00:00;01:15:00;0
30.05.2024;01:15:00;01:30:00;0
30.05.2024;01:30:00;01:45:00;0
30.05.2024;01:45:00;02:00:00;0
30.05.2024;02:00:00;02:15:00;0
30.05.2024;02:15:00;02:30:00;0
30.05.2024;02:30:00;02:45:00;0
30.05.2024;02:45:00;03:00:00;0
30.05.2024;03:00:00;03:15:00;0
30.05.2024;03:15:00;03:30:00;0
30.05.2024;03:30:00;03:45:00;0
30.05.2024;03:45:00;04:00:00;0
30.05.2024;04:00:00;04:15:00;0
30.05.2024;04:15:00;04:30:00;0
30.05.2024;04:30:00;04:45:00;0
30.05.2024;04:45:00;05:00:00;0
30.05.2024;05:00:00;05:15:00;0
30.05.2024;05:15:00;05:30:00;0
30.05.2024;05:30:00;05:45:00;0
30.05.2024;05:45:00;06:00:00;0
30.05.2024;06:00:00;06:15:00;0
30.05.2024;06:15:00;06:30:00;0,01
30.05.2024;06:30:00;06:45:00;0,032
30.05.2024;06:45:00;07:00:00;0,041
30.05.2024;07:00:00;07:15:00;0,009
30.05.2024;07:15:00;07:30:00;0,032
30.05.2024;07:30:00;07:45:00;0,023
30.05.2024;07:45:00;08:00:00;0,089
30.05.2024;08:00:00;08:15:00;0,175
30.05.2024;08:15:00;08:30:00;0,258
30.05.2024;08:30:00;08:45:00;0,343
30.05.2024;08:45:00;09:00:00;0,424
30.05.2024;09:00:00;09:15:00;0,638
30.05.2024;09:15:00;09:30:00;0,546
30.05.2024;09:30:00;09:45:00;0,562
30.05.2024;09:45:00;10:00:00;0,578
30.05.2024;10:00:00;10:15:00;0,8
30.05.2024;10:15:00;10:30:00;0,562
30.05.2024;10:30:00;10:45:00;0,908
30.05.2024;10:45:00;11:00:00;1,078
30.05.2024;11:00:00;11:15:00;1,165
30.05.2024;11:15:00;11:30:00;1,106
30.05.2024;11:30:00;11:45:00;1,286
30.05.2024;11:45:00;12:00:00;1,282
30.05.2024;12:00:00;12:15:00;1,199
30.05.2024;12:15:00;12:30:00;1,537
30.05.2024;12:30:00;12:45:00;1,617
30.05.2024;12:45:00;13:00:00;1,421
30.05.2024;13:00:00;13:15:00;1,425
30.05.2024;13:15:00;13:30:00;0,867
30.05.2024;13:30:00;13:45:00;1,605
30.05.2024;13:45:00;14:00:00;1,555
30.05.2024;14:00:00;14:15:00;0,855
30.05.2024;14:15:00;14:30:00;0,08
30.05.2024;14:30:00;14:45:00;0,849
30.05.2024;14:45:00;15:00:00;0,659
30.05.2024;15:00:00;15:15:00;0,423
30.05.2024;15:15:00;15:30:00;0,352
30.05.2024;15:30:00;15:45:00;0,338
30.05.2024;15:45:00;16:00:00;0,329
30.05.2024;16:00:00;16:15:00;0,224
30.05.2024;16:15:00;16:30:00;0,091
30.05.2024;16:30:00;16:45:00;0,029
30.05.2024;16:45:00;17:00:00;0,003
30.05.2024;17:00:00;17:15:00;0
30.05.2024;17:15:00;17:30:00;0
30.05.2024;17:30:00;17:45:00;0
30.05.2024;17:45:00;18:00:00;0,001
30.05.2024;18:00:00;18:15:00;0,046
30.05.2024;18:15:00;18:30:00;0,02
30.05.2024;18:30:00;18:45:00;0
30.05.2024;18:45:00;19:00:00;0
30.05.2024;19:00:00;19:15:00;0
30.05.2024;19:15:00;19:30:00;0
30.05.2024;19:30:00;19:45:00;0
30.05.2024;19:45:00;20:00:00;0
30.05.2024;20:00:00;20:15:00;0
30.05.2024;20:15:00;20:30:00;0
30.05.2024;20:30:00;20:45:00;0
30.05.2024;20:45:00;21:00:00;0
30.05.2024;21:00:00;21:15:00;0
30.05.2024;21:15:00;21:30:00;0
30.05.2024;21:30:00;21:45:00;0
30.05.2024;21:45:00;22:00:00;0
30.05.2024;22:00:00;22:15:00;0
30.05.2024;22:15:00;22:30:00;0
30.05.2024;22:30:00;22:45:00;0
30.05.2024;22:45:00;23:00:00;0
30.05.2024;23:00:00;23:15:00;0
30.05.2024;23:15:00;23:30:00;0
30.05.2024;23:30:00;23:45:00;0
30.05.2024;23:45:00;00:00:00;0
31.05.2024;00:00:00;00:15:00;0
31.05.2024;00:15:00;00:30:00;0
31.05.2024;00:30:00;00:45:00;0
31.05.2024;00:45:00;01:00:00;0
31.05.2024;01:00:00;01:15:00;0
31.05.2024;01:15:00;01:30:00;0
31.05.2024;01:30:00;01:45:00;0
31.05.2024;01:45:00;02:00:00;0
31.05.2024;02:00:00;02:15:00;0
31.05.2024;02:15:00;02:30:00;0
31.05.2024;02:30:00;02:45:00;0
31.05.2024;02:45:00;03:00:00;0
31.05.2024;03:00:00;03:15:00;0
31.05.2024;03:15:00;03:30:00;0
31.05.2024;03:30:00;03:45:00;0
31.05.2024;03:45:00;04:00:00;0
31.05.2024;04:00:00;04:15:00;0
31.05.2024;04:15:00;04:30:00;0
31.05.2024;04:30:00;04:45:00;0
31.05.2024;04:45:00;05:00:00;0
31.05.2024;05:00:00;05:15:00;0
31.05.2024;05:15:00;05:30:00;0
31.05.2024;05:30:00;05:45:00;0
31.05.2024;05:45:00;06:00:00;0
31.05.2024;06:00:00;06:15:00;0
31.05.2024;06:15:00;06:30:00;0
31.05.2024;06:30:00;06:45:00;0
31.05.2024;06:45:00;07:00:00;0,001
31.05.2024;07:00:00;07:15:00;0,043
31.05.2024;07:15:00;07:30:00;0,083
31.05.2024;07:30:00;07:45:00;0,022
31.05.2024;07:45:00;08:00:00;0,115
31.05.2024;08:00:00;08:15:00;0,149
31.05.2024;08:15:00;08:30:00;0,13
31.05.2024;08:30:00;08:45:00;0,095
31.05.2024;08:45:00;09:00:00;0,127
31.05.2024;09:00:00;09:15:00;0,166
31.05.2024;09:15:00;09:30:00;0,175
31.05.2024;09:30:00;09:45:00;0,192
31.05.2024;09:45:00;10:00:00;0,328
31.05.2024;10:00:00;10:15:00;0,335
31.05.2024;10:15:00;10:30:00;0
31.05.2024;10:30:00;10:45:00;0,055
31.05.2024;10:45:00;11:00:00;0,072
31.05.2024;11:00:00;11:15:00;0,167
31.05.2024;11:15:00;11:30:00;0,053
31.05.2024;11:30:00;11:45:00;0,213
31.05.2024;11:45:00;12:00:00;0,011
31.05.2024;12:00:00;12:15:00;0,099
31.05.2024;12:15:00;12:30:00;0,018
31.05.2024;12:30:00;12:45:00;0,199
31.05.2024;12:45:00;13:00:00;0,244
31.05.2024;13:00:00;13:15:00;0,149
31.05.2024;13:15:00;13:30:00;0,283
31.05.2024;13:30:00;13:45:00;0,211
31.05.2024;13:45:00;14:00:00;0,407
31.05.2024;14:00:00;14:15:00;0,412
31.05.2024;14:15:00;14:30:00;0,364
31.05.2024;14:30:00;14:45:00;0,48
31.05.2024;14:45:00;15:00:00;0,264
31.05.2024;15:00:00;15:15:00;0,261
31.05.2024;15:15:00;15:30:00;0,585
31.05.2024;15:30:00;15:45:00;0,848
31.05.2024;15:45:00;16:00:00;0,189
31.05.2024;16:00:00;16:15:00;0,045
31.05.2024;16:15:00;16:30:00;0,319
31.05.2024;16:30:00;16:45:00;0,127
31.05.2024;16:45:00;17:00:00;0,006
31.05.2024;17:00:00;17:15:00;0
31.05.2024;17:15:00;17:30:00;0
31.05.2024;17:30:00;17:45:00;0
31.05.2024;17:45:00;18:00:00;0,077
31.05.2024;18:00:00;18:15:00;0,184
31.05.2024;18:15:00;18:30:00;0,007
31.05.2024;18:30:00;18:45:00;0
31.05.2024;18:45:00;19:00:00;0
31.05.2024;19:00:00;19:15:00;0
31.05.2024;19:15:00;19:30:00;0
31.05.2024;19:30:00;19:45:00;0
31.05.2024;19:45:00;20:00:00;0
31.05.2024;20:00:00;20:15:00;0
31.05.2024;20:15:00;20:30:00;0
31.05.2024;20:30:00;20:45:00;0
31.05.2024;20:45:00;21:00:00;0
31.05.2024;21:00:00;21:15:00;0
31.05.2024;21:15:00;21:30:00;0
31.05.2024;21:30:00;21:45:00;0
31.05.2024;21:45:00;22:00:00;0
31.05.2024;22:00:00;22:15:00;0
31.05.2024;22:15:00;22:30:00;0
31.05.2024;22:30:00;22:45:00;0
31.05.2024;22:45:00;23:00:00;0
31.05.2024;23:00:00;23:15:00;0
31.05.2024;23:15:00;23:30:00;0
31.05.2024;23:30:00;23:45:00;0
31.05.2024;23:45:00;00:00:00;0
